1.000000000000000000e+00 2.600334131977649605e-07
2.000000000000000000e+00 1.502599466698705928e-07
3.000000000000000000e+00 1.485348724666131247e-07
4.000000000000000000e+00 1.539685353188902769e-07
5.000000000000000000e+00 1.568043205433195450e-07
6.000000000000000000e+00 1.558781947885781748e-07
7.000000000000000000e+00 1.616056420865220297e-07
8.000000000000000000e+00 1.592051594355526757e-07
9.000000000000000000e+00 1.600590554388049205e-07
1.000000000000000000e+01 1.637359830499753102e-07
1.100000000000000000e+01 1.617455976902113799e-07
1.200000000000000000e+01 1.622303669463745810e-07
1.300000000000000000e+01 1.656694676106074163e-07
1.400000000000000000e+01 1.662850498437988717e-07
1.500000000000000000e+01 1.677612699151055563e-07
1.600000000000000000e+01 1.653022433081274664e-07
1.700000000000000000e+01 1.669940155864486025e-07
1.800000000000000000e+01 1.664847517379093170e-07
1.900000000000000000e+01 1.665941277129787603e-07
2.000000000000000000e+01 1.671084490141456660e-07
2.100000000000000000e+01 1.685428521243179884e-07
2.200000000000000000e+01 1.705767986490113758e-07
2.300000000000000000e+01 1.671344598342217496e-07
2.400000000000000000e+01 1.693301703694626718e-07
2.500000000000000000e+01 1.681641836828708930e-07
2.600000000000000000e+01 1.693794466449305427e-07
2.700000000000000000e+01 1.673888057107312624e-07
2.800000000000000000e+01 1.698348549660308175e-07
2.900000000000000000e+01 1.688474023488936441e-07
3.000000000000000000e+01 1.685133989299069778e-07
3.100000000000000000e+01 1.696893821076929478e-07
3.200000000000000000e+01 1.701640756009156346e-07
3.300000000000000000e+01 1.720882474173968672e-07
3.400000000000000000e+01 1.718030836944596321e-07
3.500000000000000000e+01 1.704161472129292195e-07
3.600000000000000000e+01 1.726031855354081593e-07
3.700000000000000000e+01 1.744829920715475617e-07
3.800000000000000000e+01 1.709759798460551653e-07
3.900000000000000000e+01 1.727641863721558210e-07
4.000000000000000000e+01 1.744327646163857717e-07
4.100000000000000000e+01 1.732135311781199888e-07
4.200000000000000000e+01 1.711095539339076057e-07
4.300000000000000000e+01 1.745763615395751019e-07
4.400000000000000000e+01 1.752882967030173246e-07
4.500000000000000000e+01 1.721342597702699358e-07
4.600000000000000000e+01 1.771850165698742509e-07
4.700000000000000000e+01 1.772139964064844674e-07
4.800000000000000000e+01 1.752224174142728655e-07
4.900000000000000000e+01 1.747843592536195751e-07
5.000000000000000000e+01 1.769734593364961765e-07
5.100000000000000000e+01 1.777920560438962908e-07
5.200000000000000000e+01 1.771754192583197516e-07
5.300000000000000000e+01 1.797800305485391608e-07
5.400000000000000000e+01 1.795963581499603183e-07
5.500000000000000000e+01 1.764274903567452100e-07
5.600000000000000000e+01 1.785545349107901000e-07
5.700000000000000000e+01 1.782880782395623909e-07
5.800000000000000000e+01 1.802619840752565989e-07
5.900000000000000000e+01 1.809617997338139325e-07
6.000000000000000000e+01 1.820095597298914025e-07
6.100000000000000000e+01 1.809689641925487596e-07
6.200000000000000000e+01 1.809590385115687032e-07
6.300000000000000000e+01 1.799829575076982415e-07
6.400000000000000000e+01 1.828676445970265133e-07
6.500000000000000000e+01 1.816497167869541617e-07
6.600000000000000000e+01 1.819253490299028884e-07
6.700000000000000000e+01 1.848484360932575684e-07
6.800000000000000000e+01 1.816313869192951454e-07
6.900000000000000000e+01 1.835131326131843949e-07
7.000000000000000000e+01 1.851446623070790095e-07
7.100000000000000000e+01 1.866066106049941952e-07
7.200000000000000000e+01 1.848762652735871974e-07
7.300000000000000000e+01 1.866684902539308344e-07
7.400000000000000000e+01 1.869247010629492274e-07
7.500000000000000000e+01 1.888988181273862158e-07
7.600000000000000000e+01 1.882891620958480031e-07
7.700000000000000000e+01 1.893616434735465017e-07
7.800000000000000000e+01 1.897891495193631923e-07
7.900000000000000000e+01 1.898351835081897592e-07
8.000000000000000000e+01 1.918270735477372314e-07
8.100000000000000000e+01 1.909343025119653659e-07
8.200000000000000000e+01 1.930529095934612887e-07
8.300000000000000000e+01 1.940473171996232745e-07
8.400000000000000000e+01 1.940886760643249536e-07
8.500000000000000000e+01 1.931006467489265897e-07
8.600000000000000000e+01 1.958194599147132740e-07
8.700000000000000000e+01 1.942893672033682776e-07
8.800000000000000000e+01 1.968733896194967898e-07
8.900000000000000000e+01 1.961230596360459514e-07
9.000000000000000000e+01 1.969201978692504551e-07
9.100000000000000000e+01 1.978204313972187035e-07
9.200000000000000000e+01 1.978816710512760881e-07
9.300000000000000000e+01 1.980695954786265674e-07
9.400000000000000000e+01 1.997333967281864556e-07
9.500000000000000000e+01 1.997576813928646958e-07
9.600000000000000000e+01 2.016275780732169871e-07
9.700000000000000000e+01 2.028798739420959480e-07
9.800000000000000000e+01 2.014628049723281644e-07
9.900000000000000000e+01 2.038643008282179182e-07
1.000000000000000000e+02 2.051575650287047026e-07
1.010000000000000000e+02 2.052003402808727110e-07
1.020000000000000000e+02 2.056624512679432031e-07
1.030000000000000000e+02 2.040696875071703241e-07
1.040000000000000000e+02 2.077917149614503764e-07
1.050000000000000000e+02 2.068370603027777971e-07
1.060000000000000000e+02 2.085071439003742828e-07
1.070000000000000000e+02 2.093455918755220792e-07
1.080000000000000000e+02 2.109411836035284299e-07
1.090000000000000000e+02 2.098640599176788117e-07
1.100000000000000000e+02 2.127508403784456113e-07
1.110000000000000000e+02 2.119247817343194771e-07
1.120000000000000000e+02 2.140874422725416571e-07
1.130000000000000000e+02 2.153649889700911174e-07
1.140000000000000000e+02 2.159031696213815192e-07
1.150000000000000000e+02 2.165898145268912294e-07
1.160000000000000000e+02 2.189862335638820598e-07
1.170000000000000000e+02 2.171484256367982710e-07
1.180000000000000000e+02 2.192949011423378426e-07
1.190000000000000000e+02 2.189603862102140897e-07
1.200000000000000000e+02 2.203513726019404287e-07
1.210000000000000000e+02 2.223714222077815184e-07
1.220000000000000000e+02 2.233655473266352416e-07
1.230000000000000000e+02 2.219823095673966578e-07
1.240000000000000000e+02 2.235300389793102141e-07
1.250000000000000000e+02 2.246099947600807823e-07
1.260000000000000000e+02 2.278361416459998000e-07
1.270000000000000000e+02 2.294847390539844531e-07
1.280000000000000000e+02 2.301744854362476892e-07
1.290000000000000000e+02 2.303302705936878530e-07
1.300000000000000000e+02 2.318464058910242754e-07
1.310000000000000000e+02 2.323301995539837645e-07
1.320000000000000000e+02 2.333673018939135287e-07
1.330000000000000000e+02 2.350199339411095264e-07
1.340000000000000000e+02 2.342075406293121816e-07
1.350000000000000000e+02 2.342896893495414325e-07
1.360000000000000000e+02 2.384753814655543237e-07
1.370000000000000000e+02 2.380785039953025650e-07
1.380000000000000000e+02 2.389499383839771269e-07
1.390000000000000000e+02 2.400399970747768228e-07
1.400000000000000000e+02 2.427356661836296126e-07
1.410000000000000000e+02 2.453474569409890641e-07
1.420000000000000000e+02 2.439222618073193567e-07
1.430000000000000000e+02 2.455127120256974679e-07
1.440000000000000000e+02 2.460188262431214366e-07
1.450000000000000000e+02 2.467967384942440809e-07
1.460000000000000000e+02 2.490562526387791946e-07
1.470000000000000000e+02 2.518171748328447286e-07
1.480000000000000000e+02 2.518633215314190577e-07
1.490000000000000000e+02 2.534201199509366892e-07
1.500000000000000000e+02 2.545323574292377746e-07
1.510000000000000000e+02 2.570924973754752396e-07
1.520000000000000000e+02 2.567209334827958973e-07
1.530000000000000000e+02 2.585375866024493406e-07
1.540000000000000000e+02 2.597304691418555898e-07
1.550000000000000000e+02 2.614921126642810154e-07
1.560000000000000000e+02 2.639079670818464338e-07
1.570000000000000000e+02 2.628862242886298195e-07
1.580000000000000000e+02 2.649182353275464982e-07
1.590000000000000000e+02 2.667540100287756324e-07
1.600000000000000000e+02 2.674283566772963576e-07
1.610000000000000000e+02 2.705433065081551962e-07
1.620000000000000000e+02 2.703476835015862246e-07
1.630000000000000000e+02 2.720323200478600413e-07
1.640000000000000000e+02 2.730658282865631603e-07
1.650000000000000000e+02 2.744191529316572422e-07
1.660000000000000000e+02 2.778735397067889205e-07
1.670000000000000000e+02 2.771267971725032579e-07
1.680000000000000000e+02 2.775816363473934441e-07
1.690000000000000000e+02 2.793434259964042381e-07
1.700000000000000000e+02 2.826361605006401885e-07
1.710000000000000000e+02 2.827131122222122987e-07
1.720000000000000000e+02 2.845990879767022739e-07
1.730000000000000000e+02 2.865371828708095511e-07
1.740000000000000000e+02 2.896450741272684748e-07
1.750000000000000000e+02 2.901589216279530659e-07
1.760000000000000000e+02 2.920038754423140358e-07
1.770000000000000000e+02 2.955145042126627194e-07
1.780000000000000000e+02 2.968379079305536063e-07
1.790000000000000000e+02 2.963599210121174609e-07
1.800000000000000000e+02 2.963919257818984601e-07
1.810000000000000000e+02 2.987307883266452614e-07
1.820000000000000000e+02 3.011268469519938730e-07
1.830000000000000000e+02 3.041593817516513958e-07
1.840000000000000000e+02 3.064032568522034975e-07
1.850000000000000000e+02 3.080126331872388420e-07
1.860000000000000000e+02 3.070054726946661528e-07
1.870000000000000000e+02 3.099340244776826512e-07
1.880000000000000000e+02 3.122787130746264393e-07
1.890000000000000000e+02 3.135841245138412189e-07
1.900000000000000000e+02 3.160975076043005562e-07
1.910000000000000000e+02 3.170767240011268242e-07
1.920000000000000000e+02 3.186423128339994087e-07
1.930000000000000000e+02 3.209785974634438058e-07
1.940000000000000000e+02 3.208807439746837710e-07
1.950000000000000000e+02 3.244801388890763562e-07
1.960000000000000000e+02 3.268060678185104096e-07
1.970000000000000000e+02 3.272991921158201152e-07
1.980000000000000000e+02 3.284691275863768604e-07
1.990000000000000000e+02 3.321538465022591394e-07
2.000000000000000000e+02 3.337952042317253488e-07
2.010000000000000000e+02 3.373501344584900368e-07
2.020000000000000000e+02 3.352126543523540470e-07
2.030000000000000000e+02 3.417137109049953245e-07
2.040000000000000000e+02 3.410388067790265233e-07
2.050000000000000000e+02 3.427860742463522934e-07
2.060000000000000000e+02 3.455100425418503331e-07
2.070000000000000000e+02 3.452356911431394353e-07
2.080000000000000000e+02 3.495293996776999148e-07
2.090000000000000000e+02 3.520441234417356181e-07
2.100000000000000000e+02 3.534503528847329394e-07
2.110000000000000000e+02 3.555646934058608851e-07
2.120000000000000000e+02 3.582802376063011698e-07
2.130000000000000000e+02 3.596898764266954283e-07
2.140000000000000000e+02 3.612690822839411242e-07
2.150000000000000000e+02 3.623292191338693901e-07
2.160000000000000000e+02 3.641055524692500134e-07
2.170000000000000000e+02 3.662452458361234246e-07
2.180000000000000000e+02 3.681971556663439100e-07
2.190000000000000000e+02 3.707446983636528355e-07
2.200000000000000000e+02 3.729214623816919352e-07
2.210000000000000000e+02 3.749165046321423252e-07
2.220000000000000000e+02 3.771428185127301187e-07
2.230000000000000000e+02 3.794728062760745705e-07
2.240000000000000000e+02 3.804327243895051435e-07
2.250000000000000000e+02 3.827877706018636669e-07
2.260000000000000000e+02 3.862255349247940499e-07
2.270000000000000000e+02 3.883374387435116699e-07
2.280000000000000000e+02 3.905002332184318581e-07
2.290000000000000000e+02 3.905123626350272835e-07
2.300000000000000000e+02 3.943170523590846359e-07
2.310000000000000000e+02 3.952989153287837605e-07
2.320000000000000000e+02 3.995159497653981245e-07
2.330000000000000000e+02 4.004859878922830449e-07
2.340000000000000000e+02 4.032100340387371324e-07
2.350000000000000000e+02 4.030728912352410876e-07
2.360000000000000000e+02 4.049805368165995857e-07
2.370000000000000000e+02 4.098907932105213480e-07
2.380000000000000000e+02 4.112548604540004820e-07
2.390000000000000000e+02 4.119250078006449794e-07
2.400000000000000000e+02 4.148652025822835031e-07
2.410000000000000000e+02 4.155454964476689355e-07
2.420000000000000000e+02 4.190174032416100125e-07
2.430000000000000000e+02 4.218841316619692381e-07
2.440000000000000000e+02 4.244140817048501098e-07
2.450000000000000000e+02 4.258305622463942305e-07
2.460000000000000000e+02 4.278312915787669833e-07
2.470000000000000000e+02 4.310795424757688764e-07
2.480000000000000000e+02 4.320308526523330060e-07
2.490000000000000000e+02 4.327626489242457070e-07
2.500000000000000000e+02 4.357710646641412083e-07
2.510000000000000000e+02 4.371476080430367634e-07
2.520000000000000000e+02 4.397524037948404566e-07
2.530000000000000000e+02 4.429602789507458781e-07
2.540000000000000000e+02 4.415743900704849923e-07
2.550000000000000000e+02 4.453555927942151590e-07
2.560000000000000000e+02 4.487519111032776042e-07
2.570000000000000000e+02 4.503803205662595608e-07
2.580000000000000000e+02 4.514891792066018853e-07
2.590000000000000000e+02 4.540268464800843947e-07
2.600000000000000000e+02 4.558986392499892134e-07
2.610000000000000000e+02 4.582492384028669809e-07
2.620000000000000000e+02 4.597307064258970279e-07
2.630000000000000000e+02 4.629651531046141964e-07
2.640000000000000000e+02 4.649934072275044279e-07
2.650000000000000000e+02 4.680601214684086765e-07
2.660000000000000000e+02 4.667853100444538178e-07
2.670000000000000000e+02 4.707833238352002888e-07
2.680000000000000000e+02 4.745618405269392361e-07
2.690000000000000000e+02 4.741839361809262497e-07
2.700000000000000000e+02 4.741940773261609475e-07
2.710000000000000000e+02 4.785469521699973038e-07
2.720000000000000000e+02 4.821064341358112001e-07
2.730000000000000000e+02 4.833695224621355443e-07
2.740000000000000000e+02 4.856440794393564923e-07
2.750000000000000000e+02 4.889533025488302415e-07
2.760000000000000000e+02 4.891331592243435691e-07
2.770000000000000000e+02 4.897959750112270669e-07
2.780000000000000000e+02 4.928902285370300009e-07
2.790000000000000000e+02 4.940496459633172727e-07
2.800000000000000000e+02 4.940382360152319311e-07
2.810000000000000000e+02 4.981993383756385534e-07
2.820000000000000000e+02 5.007148808137000919e-07
2.830000000000000000e+02 5.020604618632850364e-07
2.840000000000000000e+02 5.051289048256368608e-07
2.850000000000000000e+02 5.061137387053836051e-07
2.860000000000000000e+02 5.066206598052856856e-07
2.870000000000000000e+02 5.094623681563175194e-07
2.880000000000000000e+02 5.118820470124822108e-07
2.890000000000000000e+02 5.115035750252024519e-07
2.900000000000000000e+02 5.140765867004849830e-07
2.910000000000000000e+02 5.147564371883535294e-07
2.920000000000000000e+02 5.142439184621837949e-07
2.930000000000000000e+02 5.160014176583443608e-07
2.940000000000000000e+02 5.200283630772223754e-07
2.950000000000000000e+02 5.198810524664933091e-07
2.960000000000000000e+02 5.247666717097822175e-07
2.970000000000000000e+02 5.255841648626646649e-07
2.980000000000000000e+02 5.275118227913007553e-07
2.990000000000000000e+02 5.297652458782019810e-07
3.000000000000000000e+02 5.304735911582168223e-07
3.010000000000000000e+02 5.324745805426809798e-07
3.020000000000000000e+02 5.329091028194973855e-07
3.030000000000000000e+02 5.323127429029357724e-07
3.040000000000000000e+02 5.325754755652036637e-07
3.050000000000000000e+02 5.359464607237927252e-07
3.060000000000000000e+02 5.373103656451901168e-07
3.070000000000000000e+02 5.398445919863984276e-07
3.080000000000000000e+02 5.412826201564223833e-07
3.090000000000000000e+02 5.397765013257279953e-07
3.100000000000000000e+02 5.426282102632737757e-07
3.110000000000000000e+02 5.439582776128437478e-07
3.120000000000000000e+02 5.438690065680753579e-07
3.130000000000000000e+02 5.458626410817339582e-07
3.140000000000000000e+02 5.486335971334781336e-07
3.150000000000000000e+02 5.472768446827958007e-07
3.160000000000000000e+02 5.500699383972742696e-07
3.170000000000000000e+02 5.498862412586467833e-07
3.180000000000000000e+02 5.532063088031363808e-07
3.190000000000000000e+02 5.512437821009975742e-07
3.200000000000000000e+02 5.536282100106997534e-07
3.210000000000000000e+02 5.549772429429196294e-07
3.220000000000000000e+02 5.560568202183840690e-07
3.230000000000000000e+02 5.551005882609967945e-07
3.240000000000000000e+02 5.590065961657244986e-07
3.250000000000000000e+02 5.591209193784842234e-07
3.260000000000000000e+02 5.595376229679553668e-07
3.270000000000000000e+02 5.604296976046803129e-07
3.280000000000000000e+02 5.633084265303401802e-07
3.290000000000000000e+02 5.631947255860014175e-07
3.300000000000000000e+02 5.589877052026032311e-07
3.310000000000000000e+02 5.643729819833823599e-07
3.320000000000000000e+02 5.639685377803874690e-07
3.330000000000000000e+02 5.672786981567123945e-07
3.340000000000000000e+02 5.663875039475719195e-07
3.350000000000000000e+02 5.700192343606032525e-07
3.360000000000000000e+02 5.681841090556508844e-07
3.370000000000000000e+02 5.701670493229237592e-07
3.380000000000000000e+02 5.682697593624231817e-07
3.390000000000000000e+02 5.716057000080279536e-07
3.400000000000000000e+02 5.696972712693804849e-07
3.410000000000000000e+02 5.738663988633446837e-07
3.420000000000000000e+02 5.740433829957653252e-07
3.430000000000000000e+02 5.729111179328118034e-07
3.440000000000000000e+02 5.756179684768648349e-07
3.450000000000000000e+02 5.754729237803461155e-07
3.460000000000000000e+02 5.749827031961376148e-07
3.470000000000000000e+02 5.757340222362595244e-07
3.480000000000000000e+02 5.725349011177900918e-07
3.490000000000000000e+02 5.741602344593837688e-07
3.500000000000000000e+02 5.765895465760960101e-07
3.510000000000000000e+02 5.770252526192975065e-07
3.520000000000000000e+02 5.798403822358031650e-07
3.530000000000000000e+02 5.750313910553639244e-07
3.540000000000000000e+02 5.787925242300650082e-07
3.550000000000000000e+02 5.792972387594866317e-07
3.560000000000000000e+02 5.797167976350291573e-07
3.570000000000000000e+02 5.787102950591243125e-07
3.580000000000000000e+02 5.791483872779619811e-07
3.590000000000000000e+02 5.793920906896005581e-07
3.600000000000000000e+02 5.793015106771939252e-07
3.610000000000000000e+02 5.776975318429764356e-07
3.620000000000000000e+02 5.823449272687784212e-07
3.630000000000000000e+02 5.827161266498339316e-07
3.640000000000000000e+02 5.794755890067093331e-07
3.650000000000000000e+02 5.806713715865403732e-07
3.660000000000000000e+02 5.820113639541141405e-07
3.670000000000000000e+02 5.828880989064214806e-07
3.680000000000000000e+02 5.811932772970203688e-07
3.690000000000000000e+02 5.808014845081134618e-07
3.700000000000000000e+02 5.851224738167747188e-07
3.710000000000000000e+02 5.816238650319429168e-07
3.720000000000000000e+02 5.823465657930511706e-07
3.730000000000000000e+02 5.838258757864052664e-07
3.740000000000000000e+02 5.848843994020093042e-07
3.750000000000000000e+02 5.829793282175489186e-07
3.760000000000000000e+02 5.854610432861408332e-07
3.770000000000000000e+02 5.864530410844839466e-07
3.780000000000000000e+02 5.831209872437572126e-07
3.790000000000000000e+02 5.837387854464283950e-07
3.800000000000000000e+02 5.862028062803931140e-07
3.810000000000000000e+02 5.833657237469030237e-07
3.820000000000000000e+02 5.836205605726732059e-07
3.830000000000000000e+02 5.853947931356612191e-07
3.840000000000000000e+02 5.848560816118522730e-07
3.850000000000000000e+02 5.859055268140565849e-07
3.860000000000000000e+02 5.839380217088418455e-07
3.870000000000000000e+02 5.842971489856279606e-07
3.880000000000000000e+02 5.849121248557918403e-07
3.890000000000000000e+02 5.854772884130120290e-07
3.900000000000000000e+02 5.856183998922176963e-07
3.910000000000000000e+02 5.846798746805655998e-07
3.920000000000000000e+02 5.859619160408329199e-07
3.930000000000000000e+02 5.858524738862320894e-07
3.940000000000000000e+02 5.856805665346378550e-07
3.950000000000000000e+02 5.853099425082516309e-07
3.960000000000000000e+02 5.867419048616290155e-07
3.970000000000000000e+02 5.885446159195364397e-07
3.980000000000000000e+02 5.867430798299936326e-07
3.990000000000000000e+02 5.867473842586394686e-07
4.000000000000000000e+02 5.877599326726502858e-07
4.010000000000000000e+02 5.847001430680994146e-07
4.020000000000000000e+02 5.846004036326172106e-07
4.030000000000000000e+02 5.865517373590701530e-07
4.040000000000000000e+02 5.848766084503456707e-07
4.050000000000000000e+02 5.864396485114498715e-07
4.060000000000000000e+02 5.864981809667170944e-07
4.070000000000000000e+02 5.844852143695042707e-07
4.080000000000000000e+02 5.853390488486993919e-07
4.090000000000000000e+02 5.851316448328002862e-07
4.100000000000000000e+02 5.859474920882434529e-07
4.110000000000000000e+02 5.859047973487857305e-07
4.120000000000000000e+02 5.861777810915051506e-07
4.130000000000000000e+02 5.852216997674064149e-07
4.140000000000000000e+02 5.856093778877236465e-07
4.150000000000000000e+02 5.861529003560791273e-07
4.160000000000000000e+02 5.893726222871264060e-07
4.170000000000000000e+02 5.866430395803902346e-07
4.180000000000000000e+02 5.891585983709869438e-07
4.190000000000000000e+02 5.869022161064059062e-07
4.200000000000000000e+02 5.856173181146130713e-07
4.210000000000000000e+02 5.856351182479970267e-07
4.220000000000000000e+02 5.889249429458659583e-07
4.230000000000000000e+02 5.865581768372598086e-07
4.240000000000000000e+02 5.895279649708874134e-07
4.250000000000000000e+02 5.874188019322631958e-07
4.260000000000000000e+02 5.889212604342002325e-07
4.270000000000000000e+02 5.881423133389999468e-07
4.280000000000000000e+02 5.864726056772809369e-07
4.290000000000000000e+02 5.885242789157475808e-07
4.300000000000000000e+02 5.896364833766961237e-07
4.310000000000000000e+02 5.897800069201555543e-07
4.320000000000000000e+02 5.872367394698697551e-07
4.330000000000000000e+02 5.891721394498207157e-07
4.340000000000000000e+02 5.887581822507306549e-07
4.350000000000000000e+02 5.911483053113250954e-07
4.360000000000000000e+02 5.900233690814372719e-07
4.370000000000000000e+02 5.900267391857396870e-07
4.380000000000000000e+02 5.889486813970001827e-07
4.390000000000000000e+02 5.903636725343736373e-07
4.400000000000000000e+02 5.911477359275601433e-07
4.410000000000000000e+02 5.878556496635439756e-07
4.420000000000000000e+02 5.916033149214548844e-07
4.430000000000000000e+02 5.886292964433161182e-07
4.440000000000000000e+02 5.927095602654471127e-07
4.450000000000000000e+02 5.893876906717865392e-07
4.460000000000000000e+02 5.910599631946835066e-07
4.470000000000000000e+02 5.924463773751641547e-07
4.480000000000000000e+02 5.900780890278175183e-07
4.490000000000000000e+02 5.926274359407446952e-07
4.500000000000000000e+02 5.906405464584685691e-07
4.510000000000000000e+02 5.939132342174909369e-07
4.520000000000000000e+02 5.926029557824507861e-07
4.530000000000000000e+02 5.927151904189005659e-07
4.540000000000000000e+02 5.934676746647576636e-07
4.550000000000000000e+02 5.942490174931743441e-07
4.560000000000000000e+02 5.923873986641476916e-07
4.570000000000000000e+02 5.929405519158033417e-07
4.580000000000000000e+02 5.947465803334720905e-07
4.590000000000000000e+02 5.962640840332452608e-07
4.600000000000000000e+02 5.954758966484080336e-07
4.610000000000000000e+02 5.971867487652891575e-07
4.620000000000000000e+02 5.984879077167154846e-07
4.630000000000000000e+02 5.977770883229622491e-07
4.640000000000000000e+02 5.973508993968467586e-07
4.650000000000000000e+02 5.961955853034634009e-07
4.660000000000000000e+02 5.993211525713542086e-07
4.670000000000000000e+02 5.958849875472774611e-07
4.680000000000000000e+02 5.992245089590317556e-07
4.690000000000000000e+02 5.976693290681869253e-07
4.700000000000000000e+02 5.998758460870016275e-07
4.710000000000000000e+02 6.000119204167575881e-07
4.720000000000000000e+02 5.994705743604125437e-07
4.730000000000000000e+02 6.019889973315589973e-07
4.740000000000000000e+02 6.011461565164662547e-07
4.750000000000000000e+02 6.013608369242429598e-07
4.760000000000000000e+02 6.004702812336940507e-07
4.770000000000000000e+02 6.030719211276342001e-07
4.780000000000000000e+02 6.020224528190401372e-07
4.790000000000000000e+02 6.041142015997904027e-07
4.800000000000000000e+02 6.053941472222727794e-07
4.810000000000000000e+02 6.036463095916377835e-07
4.820000000000000000e+02 6.014772713354637032e-07
4.830000000000000000e+02 6.072672412268001207e-07
4.840000000000000000e+02 6.062349189250719412e-07
4.850000000000000000e+02 6.092640609409207274e-07
4.860000000000000000e+02 6.062307829350572206e-07
4.870000000000000000e+02 6.071003655730586885e-07
4.880000000000000000e+02 6.100876814300332119e-07
4.890000000000000000e+02 6.101189721819415023e-07
4.900000000000000000e+02 6.079542567309358796e-07
4.910000000000000000e+02 6.109671724942037912e-07
4.920000000000000000e+02 6.129630092263096943e-07
4.930000000000000000e+02 6.142682408917570037e-07
4.940000000000000000e+02 6.125225305223418730e-07
4.950000000000000000e+02 6.153382659706696441e-07
4.960000000000000000e+02 6.103240199773228098e-07
4.970000000000000000e+02 6.166241815957297047e-07
4.980000000000000000e+02 6.156167222494190920e-07
4.990000000000000000e+02 6.163781922145320816e-07
5.000000000000000000e+02 6.193635230839756703e-07
5.010000000000000000e+02 6.176529568043278269e-07
5.020000000000000000e+02 6.173859073255575637e-07
5.030000000000000000e+02 6.198376085418845920e-07
5.040000000000000000e+02 6.183959578048458661e-07
5.050000000000000000e+02 6.210046813768035615e-07
5.060000000000000000e+02 6.196818562903239409e-07
5.070000000000000000e+02 6.221768532476229314e-07
5.080000000000000000e+02 6.231606810401791253e-07
5.090000000000000000e+02 6.243708084024782842e-07
5.100000000000000000e+02 6.252912264939060860e-07
5.110000000000000000e+02 6.255064149522307956e-07
5.120000000000000000e+02 6.276174073939259815e-07
5.130000000000000000e+02 6.291681488036244348e-07
5.140000000000000000e+02 6.268867014809263760e-07
5.150000000000000000e+02 6.298453168960161688e-07
5.160000000000000000e+02 6.315666102754651942e-07
5.170000000000000000e+02 6.279253932880260917e-07
5.180000000000000000e+02 6.342327172774683973e-07
5.190000000000000000e+02 6.317262584269013078e-07
5.200000000000000000e+02 6.347791405516098525e-07
5.210000000000000000e+02 6.341631810004715396e-07
5.220000000000000000e+02 6.353982676156587497e-07
5.230000000000000000e+02 6.360643225984780116e-07
5.240000000000000000e+02 6.383997013591701067e-07
5.250000000000000000e+02 6.389631681473768005e-07
5.260000000000000000e+02 6.406924632729075994e-07
5.270000000000000000e+02 6.412489202424116193e-07
5.280000000000000000e+02 6.403613717401185379e-07
5.290000000000000000e+02 6.406537897573256361e-07
5.300000000000000000e+02 6.411900278129035859e-07
5.310000000000000000e+02 6.440711190283620038e-07
5.320000000000000000e+02 6.445545050618595255e-07
5.330000000000000000e+02 6.451029640600406910e-07
5.340000000000000000e+02 6.470803783916448368e-07
5.350000000000000000e+02 6.507342063411829273e-07
5.360000000000000000e+02 6.508092711943826710e-07
5.370000000000000000e+02 6.512587666253564246e-07
5.380000000000000000e+02 6.497753040461116243e-07
5.390000000000000000e+02 6.538222771490934841e-07
5.400000000000000000e+02 6.513560195753806291e-07
5.410000000000000000e+02 6.558023843733797481e-07
5.420000000000000000e+02 6.575573653678067895e-07
5.430000000000000000e+02 6.558086390300294690e-07
5.440000000000000000e+02 6.595672885688790056e-07
5.450000000000000000e+02 6.579703800109897333e-07
5.460000000000000000e+02 6.632890714188285935e-07
5.470000000000000000e+02 6.622376308144027086e-07
5.480000000000000000e+02 6.634814651298170931e-07
5.490000000000000000e+02 6.646225800667270521e-07
5.500000000000000000e+02 6.649483580078829729e-07
5.510000000000000000e+02 6.690376938509176620e-07
5.520000000000000000e+02 6.671496474845570874e-07
5.530000000000000000e+02 6.686720909658895924e-07
5.540000000000000000e+02 6.689009399757030545e-07
5.550000000000000000e+02 6.710448766618650447e-07
5.560000000000000000e+02 6.739515559685571339e-07
5.570000000000000000e+02 6.745898976149833524e-07
5.580000000000000000e+02 6.776046556247784147e-07
5.590000000000000000e+02 6.765899849920509109e-07
5.600000000000000000e+02 6.782314067385117450e-07
5.610000000000000000e+02 6.803917037993383783e-07
5.620000000000000000e+02 6.779346416508511005e-07
5.630000000000000000e+02 6.800898551267567871e-07
5.640000000000000000e+02 6.819064269229821583e-07
5.650000000000000000e+02 6.841490865479454166e-07
5.660000000000000000e+02 6.840339768506916414e-07
5.670000000000000000e+02 6.874221111781663182e-07
5.680000000000000000e+02 6.865783628386855285e-07
5.690000000000000000e+02 6.900743705284617990e-07
5.700000000000000000e+02 6.892029789104131474e-07
5.710000000000000000e+02 6.929278961505137736e-07
5.720000000000000000e+02 6.915555528798076082e-07
5.730000000000000000e+02 6.913359348642019506e-07
5.740000000000000000e+02 6.946865440555908706e-07
5.750000000000000000e+02 6.965887196578975621e-07
5.760000000000000000e+02 6.967181636746829857e-07
5.770000000000000000e+02 6.997265284948088393e-07
5.780000000000000000e+02 7.005784162454033006e-07
5.790000000000000000e+02 6.979992002968585648e-07
5.800000000000000000e+02 7.018918956328873868e-07
5.810000000000000000e+02 7.026317484290122621e-07
5.820000000000000000e+02 7.053026909780109884e-07
5.830000000000000000e+02 7.068499086642336456e-07
5.840000000000000000e+02 7.094533908759778154e-07
5.850000000000000000e+02 7.076489504902531572e-07
5.860000000000000000e+02 7.085099991783099968e-07
5.870000000000000000e+02 7.114871288385257567e-07
5.880000000000000000e+02 7.125864272661065834e-07
5.890000000000000000e+02 7.113406858669251577e-07
5.900000000000000000e+02 7.138941513714200482e-07
5.910000000000000000e+02 7.163760558079867364e-07
5.920000000000000000e+02 7.160701860366737395e-07
5.930000000000000000e+02 7.177102248923813487e-07
5.940000000000000000e+02 7.206953711293785436e-07
5.950000000000000000e+02 7.196206183678227863e-07
5.960000000000000000e+02 7.235269857957248689e-07
5.970000000000000000e+02 7.218430480055564329e-07
5.980000000000000000e+02 7.261618286835272649e-07
5.990000000000000000e+02 7.273805449768890873e-07
6.000000000000000000e+02 7.275554958350113805e-07
6.010000000000000000e+02 7.277303977820985311e-07
6.020000000000000000e+02 7.324406692770681870e-07
6.030000000000000000e+02 7.316612639820749905e-07
6.040000000000000000e+02 7.333075819941946579e-07
6.050000000000000000e+02 7.334524390976257350e-07
6.060000000000000000e+02 7.361376131867901370e-07
6.070000000000000000e+02 7.408602403593993106e-07
6.080000000000000000e+02 7.382374526124537305e-07
6.090000000000000000e+02 7.366226728214409511e-07
6.100000000000000000e+02 7.411086182717677813e-07
6.110000000000000000e+02 7.408020471365844633e-07
6.120000000000000000e+02 7.435529554411824938e-07
6.130000000000000000e+02 7.445320524097889708e-07
6.140000000000000000e+02 7.472283418742035593e-07
6.150000000000000000e+02 7.477663742104263376e-07
6.160000000000000000e+02 7.471661515411263103e-07
6.170000000000000000e+02 7.494702610782365100e-07
6.180000000000000000e+02 7.500975610741140794e-07
6.190000000000000000e+02 7.527534511417445437e-07
6.200000000000000000e+02 7.528033431007099622e-07
6.210000000000000000e+02 7.538677652089802390e-07
6.220000000000000000e+02 7.536616199093361216e-07
6.230000000000000000e+02 7.569711263785358375e-07
6.240000000000000000e+02 7.540607358406825128e-07
6.250000000000000000e+02 7.583193148986241126e-07
6.260000000000000000e+02 7.576314064909544379e-07
6.270000000000000000e+02 7.604016603266750307e-07
6.280000000000000000e+02 7.643802184937537852e-07
6.290000000000000000e+02 7.620210570044505358e-07
6.300000000000000000e+02 7.616333200324133015e-07
6.310000000000000000e+02 7.660524596465943333e-07
6.320000000000000000e+02 7.654676762048867598e-07
6.330000000000000000e+02 7.689634910043623083e-07
6.340000000000000000e+02 7.680876002033098444e-07
6.350000000000000000e+02 7.693805682703528200e-07
6.360000000000000000e+02 7.697293688328343803e-07
6.370000000000000000e+02 7.721949266455251954e-07
6.380000000000000000e+02 7.734537584711401145e-07
6.390000000000000000e+02 7.754859852417971072e-07
6.400000000000000000e+02 7.750380196493816711e-07
6.410000000000000000e+02 7.753715561999130836e-07
6.420000000000000000e+02 7.773151080693139937e-07
6.430000000000000000e+02 7.775780150720122575e-07
6.440000000000000000e+02 7.776184657464838247e-07
6.450000000000000000e+02 7.812687429990547644e-07
6.460000000000000000e+02 7.816406809149996468e-07
6.470000000000000000e+02 7.845146915681478771e-07
6.480000000000000000e+02 7.829887831684447087e-07
6.490000000000000000e+02 7.817828932542258902e-07
6.500000000000000000e+02 7.840917408805311291e-07
6.510000000000000000e+02 7.855275163465156822e-07
6.520000000000000000e+02 7.879481512696359727e-07
6.530000000000000000e+02 7.874156297874701387e-07
6.540000000000000000e+02 7.905037070151707753e-07
6.550000000000000000e+02 7.916846089591170508e-07
6.560000000000000000e+02 7.921589253522618243e-07
6.570000000000000000e+02 7.913343744712477503e-07
6.580000000000000000e+02 7.948307393093021390e-07
6.590000000000000000e+02 7.965783057201914532e-07
6.600000000000000000e+02 7.957812032183535190e-07
6.610000000000000000e+02 7.962112870628263038e-07
6.620000000000000000e+02 7.970890034722507086e-07
6.630000000000000000e+02 7.970085689973162936e-07
6.640000000000000000e+02 7.993866113372250467e-07
6.650000000000000000e+02 8.023293301792472231e-07
6.660000000000000000e+02 8.008208283031522244e-07
6.670000000000000000e+02 8.034691784764755313e-07
6.680000000000000000e+02 8.052795478762444332e-07
6.690000000000000000e+02 8.020673253593937162e-07
6.700000000000000000e+02 8.045183441595509725e-07
6.710000000000000000e+02 8.039435666459435168e-07
6.720000000000000000e+02 8.054189268000667605e-07
6.730000000000000000e+02 8.053279024011085729e-07
6.740000000000000000e+02 8.082615445480226955e-07
6.750000000000000000e+02 8.096432756501340085e-07
6.760000000000000000e+02 8.083134325209484223e-07
6.770000000000000000e+02 8.116235056374757454e-07
6.780000000000000000e+02 8.122125604571121963e-07
6.790000000000000000e+02 8.125550182547709387e-07
6.800000000000000000e+02 8.125587932514401229e-07
6.810000000000000000e+02 8.144738369976214874e-07
6.820000000000000000e+02 8.148649908115454181e-07
6.830000000000000000e+02 8.145664749060271396e-07
6.840000000000000000e+02 8.141691345377963846e-07
6.850000000000000000e+02 8.178344011265151588e-07
6.860000000000000000e+02 8.176973270419891849e-07
6.870000000000000000e+02 8.201617927984632266e-07
6.880000000000000000e+02 8.189787195144296885e-07
6.890000000000000000e+02 8.189138898687975558e-07
6.900000000000000000e+02 8.201001895208795647e-07
6.910000000000000000e+02 8.229710884166313062e-07
6.920000000000000000e+02 8.211600652587360075e-07
6.930000000000000000e+02 8.204402770528766725e-07
6.940000000000000000e+02 8.227246542206707629e-07
6.950000000000000000e+02 8.229426972145626292e-07
6.960000000000000000e+02 8.215680635112353963e-07
6.970000000000000000e+02 8.236905280096541594e-07
6.980000000000000000e+02 8.233902382976696979e-07
6.990000000000000000e+02 8.265931182094289757e-07
7.000000000000000000e+02 8.237502420586288467e-07
7.010000000000000000e+02 8.295217665793427224e-07
7.020000000000000000e+02 8.287639771672156244e-07
7.030000000000000000e+02 8.289143671940170670e-07
7.040000000000000000e+02 8.309024791111525884e-07
7.050000000000000000e+02 8.303871880656348129e-07
7.060000000000000000e+02 8.303992922842279377e-07
7.070000000000000000e+02 8.316710099072106041e-07
7.080000000000000000e+02 8.334063366516096809e-07
7.090000000000000000e+02 8.308666387812250071e-07
7.100000000000000000e+02 8.286224066362444147e-07
7.110000000000000000e+02 8.333256191750196663e-07
7.120000000000000000e+02 8.351683842908455388e-07
7.130000000000000000e+02 8.376970884055816777e-07
7.140000000000000000e+02 8.356144850588432926e-07
7.150000000000000000e+02 8.358184089779985062e-07
7.160000000000000000e+02 8.359607109060707307e-07
7.170000000000000000e+02 8.388431143327317265e-07
7.180000000000000000e+02 8.369645105255940023e-07
7.190000000000000000e+02 8.386134014786393847e-07
7.200000000000000000e+02 8.377500912113797785e-07
7.210000000000000000e+02 8.398018838282166833e-07
7.220000000000000000e+02 8.405589837726490756e-07
7.230000000000000000e+02 8.406791788652699013e-07
7.240000000000000000e+02 8.446450593821916481e-07
7.250000000000000000e+02 8.411393802186662149e-07
7.260000000000000000e+02 8.435728515491978937e-07
7.270000000000000000e+02 8.436978225810546541e-07
7.280000000000000000e+02 8.446754784462718269e-07
7.290000000000000000e+02 8.458672379680465056e-07
7.300000000000000000e+02 8.445688866870877494e-07
7.310000000000000000e+02 8.461376612545136713e-07
7.320000000000000000e+02 8.476292802154777265e-07
7.330000000000000000e+02 8.494699019013308899e-07
7.340000000000000000e+02 8.482188419773506990e-07
7.350000000000000000e+02 8.478207127990621027e-07
7.360000000000000000e+02 8.486612222097078509e-07
7.370000000000000000e+02 8.523751399567991088e-07
7.380000000000000000e+02 8.461110201557087879e-07
7.390000000000000000e+02 8.477952459789751282e-07
7.400000000000000000e+02 8.511476477168849942e-07
7.410000000000000000e+02 8.507315799404819156e-07
7.420000000000000000e+02 8.522820495986723791e-07
7.430000000000000000e+02 8.532287363233676308e-07
7.440000000000000000e+02 8.555212341301606446e-07
7.450000000000000000e+02 8.550432401713022616e-07
7.460000000000000000e+02 8.555832047276597118e-07
7.470000000000000000e+02 8.532725440070738703e-07
7.480000000000000000e+02 8.551140249697255879e-07
7.490000000000000000e+02 8.537974798544219822e-07
7.500000000000000000e+02 8.526421961448439730e-07
7.510000000000000000e+02 8.539844074726447814e-07
7.520000000000000000e+02 8.533252791227915664e-07
7.530000000000000000e+02 8.573252457103874988e-07
7.540000000000000000e+02 8.563768393478756019e-07
7.550000000000000000e+02 8.610688909719629126e-07
7.560000000000000000e+02 8.612695544536180185e-07
7.570000000000000000e+02 8.622888164113298604e-07
7.580000000000000000e+02 8.587235507576577523e-07
7.590000000000000000e+02 8.605155543447350486e-07
7.600000000000000000e+02 8.628527085093216558e-07
7.610000000000000000e+02 8.625535807366707688e-07
7.620000000000000000e+02 8.639160254019346065e-07
7.630000000000000000e+02 8.645179908296523368e-07
7.640000000000000000e+02 8.625190333936820770e-07
7.650000000000000000e+02 8.670780848762436633e-07
7.660000000000000000e+02 8.645862871059286359e-07
7.670000000000000000e+02 8.669219765275937456e-07
7.680000000000000000e+02 8.646399284359436601e-07
7.690000000000000000e+02 8.694769906410827767e-07
7.700000000000000000e+02 8.673370155873672228e-07
7.710000000000000000e+02 8.677790509320207397e-07
7.720000000000000000e+02 8.701717748835404302e-07
7.730000000000000000e+02 8.723220794609595018e-07
7.740000000000000000e+02 8.706763328621001750e-07
7.750000000000000000e+02 8.717081526195439139e-07
7.760000000000000000e+02 8.737958408914731132e-07
7.770000000000000000e+02 8.746586995810419079e-07
7.780000000000000000e+02 8.741971733928288356e-07
7.790000000000000000e+02 8.739215706530302256e-07
7.800000000000000000e+02 8.760809887455123737e-07
7.810000000000000000e+02 8.737913593644701222e-07
7.820000000000000000e+02 8.740383693261049017e-07
7.830000000000000000e+02 8.760718338774345093e-07
7.840000000000000000e+02 8.743986952159256114e-07
7.850000000000000000e+02 8.780795550741461530e-07
7.860000000000000000e+02 8.769985538060012652e-07
7.870000000000000000e+02 8.796930533673951624e-07
7.880000000000000000e+02 8.786343920415411136e-07
7.890000000000000000e+02 8.821397474501924713e-07
7.900000000000000000e+02 8.830961534451130421e-07
7.910000000000000000e+02 8.820606779258978218e-07
7.920000000000000000e+02 8.816081839039399997e-07
7.930000000000000000e+02 8.853783724335576538e-07
7.940000000000000000e+02 8.863299233434059056e-07
7.950000000000000000e+02 8.841242928398340772e-07
7.960000000000000000e+02 8.870584699992733108e-07
7.970000000000000000e+02 8.851850669826999342e-07
7.980000000000000000e+02 8.868360057421359430e-07
7.990000000000000000e+02 8.883761073567518325e-07
8.000000000000000000e+02 8.903131597294795516e-07
8.010000000000000000e+02 8.907479748412539209e-07
8.020000000000000000e+02 8.944733065407069925e-07
8.030000000000000000e+02 8.900231522362565180e-07
8.040000000000000000e+02 8.949701283995607547e-07
8.050000000000000000e+02 8.943425446533316697e-07
8.060000000000000000e+02 8.935072677587659706e-07
8.070000000000000000e+02 8.931300322260051867e-07
8.080000000000000000e+02 8.915149977519367056e-07
8.090000000000000000e+02 8.979591008908708127e-07
8.100000000000000000e+02 8.978928026777851253e-07
8.110000000000000000e+02 8.988115707151846627e-07
8.120000000000000000e+02 9.004249013315656500e-07
8.130000000000000000e+02 9.004300456894945877e-07
8.140000000000000000e+02 8.999411840343280788e-07
8.150000000000000000e+02 9.017049932933613788e-07
8.160000000000000000e+02 9.025027955228029385e-07
8.170000000000000000e+02 9.052140640036913852e-07
8.180000000000000000e+02 9.036247899785821888e-07
8.190000000000000000e+02 9.059323415281901400e-07
8.200000000000000000e+02 9.060022420079968047e-07
8.210000000000000000e+02 9.072083951774161693e-07
8.220000000000000000e+02 9.086983371049686441e-07
8.230000000000000000e+02 9.099794358195228142e-07
8.240000000000000000e+02 9.112902829208986341e-07
8.250000000000000000e+02 9.107119661149177193e-07
8.260000000000000000e+02 9.108233788689225260e-07
8.270000000000000000e+02 9.128800376449642191e-07
8.280000000000000000e+02 9.142252598767405190e-07
8.290000000000000000e+02 9.143692551154304194e-07
8.300000000000000000e+02 9.162430654422084312e-07
8.310000000000000000e+02 9.192015863478821041e-07
8.320000000000000000e+02 9.180997980767245131e-07
8.330000000000000000e+02 9.210625443499810244e-07
8.340000000000000000e+02 9.218775834100026064e-07
8.350000000000000000e+02 9.202638136441291934e-07
8.360000000000000000e+02 9.211159460345252650e-07
8.370000000000000000e+02 9.235722797733896391e-07
8.380000000000000000e+02 9.236169544255216354e-07
8.390000000000000000e+02 9.257588505762008427e-07
8.400000000000000000e+02 9.270053937518474654e-07
8.410000000000000000e+02 9.284452472654808739e-07
8.420000000000000000e+02 9.300124993057426968e-07
8.430000000000000000e+02 9.308113111557724288e-07
8.440000000000000000e+02 9.309913752679661905e-07
8.450000000000000000e+02 9.339645894167881240e-07
8.460000000000000000e+02 9.329986271108190136e-07
8.470000000000000000e+02 9.396694178048587522e-07
8.480000000000000000e+02 9.340421141346526790e-07
8.490000000000000000e+02 9.384168961771733238e-07
8.500000000000000000e+02 9.378630807432253117e-07
8.510000000000000000e+02 9.395276902350857701e-07
8.520000000000000000e+02 9.415130936870041389e-07
8.530000000000000000e+02 9.406935027341250297e-07
8.540000000000000000e+02 9.394068251818425580e-07
8.550000000000000000e+02 9.415611074841086189e-07
8.560000000000000000e+02 9.419512111163165624e-07
8.570000000000000000e+02 9.490425183737379441e-07
8.580000000000000000e+02 9.488286831277018574e-07
8.590000000000000000e+02 9.497540027116414040e-07
8.600000000000000000e+02 9.505432962911110150e-07
8.610000000000000000e+02 9.511789252213374278e-07
8.620000000000000000e+02 9.523487995696009230e-07
8.630000000000000000e+02 9.552440573054650903e-07
8.640000000000000000e+02 9.554462723026195921e-07
8.650000000000000000e+02 9.595906498602912929e-07
8.660000000000000000e+02 9.570524602441022299e-07
8.670000000000000000e+02 9.641882605141841455e-07
8.680000000000000000e+02 9.593645170029364611e-07
8.690000000000000000e+02 9.613174629605095671e-07
8.700000000000000000e+02 9.623608888018575978e-07
8.710000000000000000e+02 9.631712953372644857e-07
8.720000000000000000e+02 9.644513144893633714e-07
8.730000000000000000e+02 9.649716811170596895e-07
8.740000000000000000e+02 9.679396627598814778e-07
8.750000000000000000e+02 9.729042743317841579e-07
8.760000000000000000e+02 9.676144055878553823e-07
8.770000000000000000e+02 9.754938831870078934e-07
8.780000000000000000e+02 9.728304266382436338e-07
8.790000000000000000e+02 9.751068910704927283e-07
8.800000000000000000e+02 9.744129467852350060e-07
8.810000000000000000e+02 9.799286633025834966e-07
8.820000000000000000e+02 9.789478162005404301e-07
8.830000000000000000e+02 9.801357980629815495e-07
8.840000000000000000e+02 9.829680207413700184e-07
8.850000000000000000e+02 9.819930520210723540e-07
8.860000000000000000e+02 9.849353188968565769e-07
8.870000000000000000e+02 9.875301267657778010e-07
8.880000000000000000e+02 9.869676991221934699e-07
8.890000000000000000e+02 9.877954219330221477e-07
8.900000000000000000e+02 9.887873016284043784e-07
8.910000000000000000e+02 9.927276718350507579e-07
8.920000000000000000e+02 9.901372571078319528e-07
8.930000000000000000e+02 9.936887119829194078e-07
8.940000000000000000e+02 9.981198833716681502e-07
8.950000000000000000e+02 9.990213860659732324e-07
8.960000000000000000e+02 9.994532349479659207e-07
8.970000000000000000e+02 1.000047560897710612e-06
8.980000000000000000e+02 1.002277650607854505e-06
8.990000000000000000e+02 1.003546022300628595e-06
9.000000000000000000e+02 1.006152385877972482e-06
9.010000000000000000e+02 1.006107592460012160e-06
9.020000000000000000e+02 1.008190961718446433e-06
9.030000000000000000e+02 1.007161827983780048e-06
9.040000000000000000e+02 1.012769051866149350e-06
9.050000000000000000e+02 1.013450299136875586e-06
9.060000000000000000e+02 1.013028089118232474e-06
9.070000000000000000e+02 1.017197104197560118e-06
9.080000000000000000e+02 1.015837904190961397e-06
9.090000000000000000e+02 1.017874506853061369e-06
9.100000000000000000e+02 1.018751966352724767e-06
9.110000000000000000e+02 1.019899165880867899e-06
9.120000000000000000e+02 1.022751456363988332e-06
9.130000000000000000e+02 1.022749095836027523e-06
9.140000000000000000e+02 1.024871489954618565e-06
9.150000000000000000e+02 1.023550332763687516e-06
9.160000000000000000e+02 1.025370535673766757e-06
9.170000000000000000e+02 1.026545892478027773e-06
9.180000000000000000e+02 1.033278485917767936e-06
9.190000000000000000e+02 1.033608316327210133e-06
9.200000000000000000e+02 1.032018476667404500e-06
9.210000000000000000e+02 1.036497118600687045e-06
9.220000000000000000e+02 1.036420297949273613e-06
9.230000000000000000e+02 1.039402294422542399e-06
9.240000000000000000e+02 1.039330985863135682e-06
9.250000000000000000e+02 1.041998501134245936e-06
9.260000000000000000e+02 1.041174011764473642e-06
9.270000000000000000e+02 1.040935157722368766e-06
9.280000000000000000e+02 1.046369491260640110e-06
9.290000000000000000e+02 1.048444533009844074e-06
9.300000000000000000e+02 1.050895088565081662e-06
9.310000000000000000e+02 1.048910054578128016e-06
9.320000000000000000e+02 1.051223140819993188e-06
9.330000000000000000e+02 1.050126770082077099e-06
9.340000000000000000e+02 1.052515981578576797e-06
9.350000000000000000e+02 1.056013317915834105e-06
9.360000000000000000e+02 1.057416575207961536e-06
9.370000000000000000e+02 1.055154827532544869e-06
9.380000000000000000e+02 1.061439856962257236e-06
9.390000000000000000e+02 1.058505750009929141e-06
9.400000000000000000e+02 1.063381631687180913e-06
9.410000000000000000e+02 1.062405148242472734e-06
9.420000000000000000e+02 1.065566906199901078e-06
9.430000000000000000e+02 1.066198521616469825e-06
9.440000000000000000e+02 1.067716711921813584e-06
9.450000000000000000e+02 1.065749144555439515e-06
9.460000000000000000e+02 1.069150010779056222e-06
9.470000000000000000e+02 1.070057746427969290e-06
9.480000000000000000e+02 1.073180331197387967e-06
9.490000000000000000e+02 1.075148013960852028e-06
9.500000000000000000e+02 1.078049415360943070e-06
9.510000000000000000e+02 1.073344327185192029e-06
9.520000000000000000e+02 1.080170810740182537e-06
9.530000000000000000e+02 1.079019792780124938e-06
9.540000000000000000e+02 1.082878770989544657e-06
9.550000000000000000e+02 1.083168814547579076e-06
9.560000000000000000e+02 1.082811104744691966e-06
9.570000000000000000e+02 1.081770922718791458e-06
9.580000000000000000e+02 1.088153375185449367e-06
9.590000000000000000e+02 1.087886622638756821e-06
9.600000000000000000e+02 1.090911234020595707e-06
9.610000000000000000e+02 1.089425302826984511e-06
9.620000000000000000e+02 1.091035460344528431e-06
9.630000000000000000e+02 1.094651943509604382e-06
9.640000000000000000e+02 1.092488249817937113e-06
9.650000000000000000e+02 1.098909106171476074e-06
9.660000000000000000e+02 1.096586509142633880e-06
9.670000000000000000e+02 1.098124257892926595e-06
9.680000000000000000e+02 1.101661083855332326e-06
9.690000000000000000e+02 1.100530768945655854e-06
9.700000000000000000e+02 1.104157670077528847e-06
9.710000000000000000e+02 1.103374554606900710e-06
9.720000000000000000e+02 1.104838795740221889e-06
9.730000000000000000e+02 1.106042142623987848e-06
9.740000000000000000e+02 1.108131482147275617e-06
9.750000000000000000e+02 1.109868913093518525e-06
9.760000000000000000e+02 1.112816789784151108e-06
9.770000000000000000e+02 1.116036121640747222e-06
9.780000000000000000e+02 1.114152530707570693e-06
9.790000000000000000e+02 1.118911603516051908e-06
9.800000000000000000e+02 1.118252314877879744e-06
9.810000000000000000e+02 1.117473881818698540e-06
9.820000000000000000e+02 1.119698734220491902e-06
9.830000000000000000e+02 1.118049703592337251e-06
9.840000000000000000e+02 1.119727530098852314e-06
9.850000000000000000e+02 1.123901349404946410e-06
9.860000000000000000e+02 1.122833771020880710e-06
9.870000000000000000e+02 1.124868134667376248e-06
9.880000000000000000e+02 1.127172319725508120e-06
9.890000000000000000e+02 1.129320842586356375e-06
9.900000000000000000e+02 1.125276446368575958e-06
9.910000000000000000e+02 1.130587500205841498e-06
9.920000000000000000e+02 1.130422449908317498e-06
9.930000000000000000e+02 1.131830447880405540e-06
9.940000000000000000e+02 1.131803992332195508e-06
9.950000000000000000e+02 1.130375735310189158e-06
9.960000000000000000e+02 1.135808127968243295e-06
9.970000000000000000e+02 1.133652875449680570e-06
9.980000000000000000e+02 1.135969932216917718e-06
9.990000000000000000e+02 1.137819891110432114e-06
1.000000000000000000e+03 1.138614092361466728e-06
1.001000000000000000e+03 1.139800388413932726e-06
1.002000000000000000e+03 1.142274552086868595e-06
1.003000000000000000e+03 1.142183342251465634e-06
1.004000000000000000e+03 1.143500372515227499e-06
1.005000000000000000e+03 1.143298832811158692e-06
1.006000000000000000e+03 1.147126637131409279e-06
1.007000000000000000e+03 1.148232306532090592e-06
1.008000000000000000e+03 1.148752837031853555e-06
1.009000000000000000e+03 1.150227965065592246e-06
1.010000000000000000e+03 1.149710961565940016e-06
1.011000000000000000e+03 1.150533238463204956e-06
1.012000000000000000e+03 1.155727523766386518e-06
1.013000000000000000e+03 1.151606454553475496e-06
1.014000000000000000e+03 1.153315809963781508e-06
1.015000000000000000e+03 1.156858410783875418e-06
1.016000000000000000e+03 1.157763440611442694e-06
1.017000000000000000e+03 1.160364419292457751e-06
1.018000000000000000e+03 1.159888230735572071e-06
1.019000000000000000e+03 1.160225365390430231e-06
1.020000000000000000e+03 1.164760455839531694e-06
1.021000000000000000e+03 1.163375462462462501e-06
1.022000000000000000e+03 1.164238343108589067e-06
1.023000000000000000e+03 1.164541178930469407e-06
1.024000000000000000e+03 1.168722355510685923e-06
1.025000000000000000e+03 1.167718374220745476e-06
1.026000000000000000e+03 1.169071335627702710e-06
1.027000000000000000e+03 1.167725234904756665e-06
1.028000000000000000e+03 1.168240486426961145e-06
1.029000000000000000e+03 1.169629702943311744e-06
1.030000000000000000e+03 1.173084960974929111e-06
1.031000000000000000e+03 1.171959032424007120e-06
1.032000000000000000e+03 1.174077449874075480e-06
1.033000000000000000e+03 1.173275875355126716e-06
1.034000000000000000e+03 1.176972626040341354e-06
1.035000000000000000e+03 1.174342881935745819e-06
1.036000000000000000e+03 1.179458937612646765e-06
1.037000000000000000e+03 1.177111945846074898e-06
1.038000000000000000e+03 1.182365387285904339e-06
1.039000000000000000e+03 1.180098066287055348e-06
1.040000000000000000e+03 1.181867711926298439e-06
1.041000000000000000e+03 1.181613274534564103e-06
1.042000000000000000e+03 1.186881021233275516e-06
1.043000000000000000e+03 1.185163321589813747e-06
1.044000000000000000e+03 1.188730595882287589e-06
1.045000000000000000e+03 1.185328355000147968e-06
1.046000000000000000e+03 1.187384018542634398e-06
1.047000000000000000e+03 1.190566282636723943e-06
1.048000000000000000e+03 1.190921953370172261e-06
1.049000000000000000e+03 1.188390126845822428e-06
1.050000000000000000e+03 1.189226689440908517e-06
1.051000000000000000e+03 1.189583490793915772e-06
1.052000000000000000e+03 1.194218762519295801e-06
1.053000000000000000e+03 1.194146754794910471e-06
1.054000000000000000e+03 1.197814464270563655e-06
1.055000000000000000e+03 1.196405831641184428e-06
1.056000000000000000e+03 1.203313389622133581e-06
1.057000000000000000e+03 1.201351500364146117e-06
1.058000000000000000e+03 1.198635692994071231e-06
1.059000000000000000e+03 1.203088269304653904e-06
1.060000000000000000e+03 1.201557523498313329e-06
1.061000000000000000e+03 1.203281201316907505e-06
1.062000000000000000e+03 1.204626751145609862e-06
1.063000000000000000e+03 1.205784887705005726e-06
1.064000000000000000e+03 1.204608772294081505e-06
1.065000000000000000e+03 1.209359850898407887e-06
1.066000000000000000e+03 1.211646816913209479e-06
1.067000000000000000e+03 1.210033136598598803e-06
1.068000000000000000e+03 1.210651989092539958e-06
1.069000000000000000e+03 1.214783646145525521e-06
1.070000000000000000e+03 1.213896369653779834e-06
1.071000000000000000e+03 1.211934502540480288e-06
1.072000000000000000e+03 1.214850554392185572e-06
1.073000000000000000e+03 1.215269161715331477e-06
1.074000000000000000e+03 1.218474190322462303e-06
1.075000000000000000e+03 1.215674519900138380e-06
1.076000000000000000e+03 1.220626019420397755e-06
1.077000000000000000e+03 1.220726198025153251e-06
1.078000000000000000e+03 1.221874161573779776e-06
1.079000000000000000e+03 1.223460631773835150e-06
1.080000000000000000e+03 1.228265695548393615e-06
1.081000000000000000e+03 1.223830830985095149e-06
1.082000000000000000e+03 1.226373805867589564e-06
1.083000000000000000e+03 1.227400143419961352e-06
1.084000000000000000e+03 1.230137246898028028e-06
1.085000000000000000e+03 1.231059393810947367e-06
1.086000000000000000e+03 1.230755331312662302e-06
1.087000000000000000e+03 1.231907597601209099e-06
1.088000000000000000e+03 1.232199873780018558e-06
1.089000000000000000e+03 1.233966228705212798e-06
1.090000000000000000e+03 1.232465882478067263e-06
1.091000000000000000e+03 1.237205033292849923e-06
1.092000000000000000e+03 1.236545903821454358e-06
1.093000000000000000e+03 1.235318594549234753e-06
1.094000000000000000e+03 1.241890178142810254e-06
1.095000000000000000e+03 1.241162994647296741e-06
1.096000000000000000e+03 1.244236003498170923e-06
1.097000000000000000e+03 1.244817164426731316e-06
1.098000000000000000e+03 1.244363033689139598e-06
1.099000000000000000e+03 1.245983507860912224e-06
1.100000000000000000e+03 1.249662766104600638e-06
1.101000000000000000e+03 1.247073214649726278e-06
1.102000000000000000e+03 1.247162674702694950e-06
1.103000000000000000e+03 1.253701340728561149e-06
1.104000000000000000e+03 1.256651522490963254e-06
1.105000000000000000e+03 1.251942129137387122e-06
1.106000000000000000e+03 1.254088550162021054e-06
1.107000000000000000e+03 1.255916825864409679e-06
1.108000000000000000e+03 1.259302676966151111e-06
1.109000000000000000e+03 1.259528837316578636e-06
1.110000000000000000e+03 1.261910148160948022e-06
1.111000000000000000e+03 1.259709820767024363e-06
1.112000000000000000e+03 1.264011347284992563e-06
1.113000000000000000e+03 1.268203597667092668e-06
1.114000000000000000e+03 1.262777012906769783e-06
1.115000000000000000e+03 1.264921800833722716e-06
1.116000000000000000e+03 1.266949339171503244e-06
1.117000000000000000e+03 1.269978259044494143e-06
1.118000000000000000e+03 1.271993257309422677e-06
1.119000000000000000e+03 1.275297998299991153e-06
1.120000000000000000e+03 1.275497874184313758e-06
1.121000000000000000e+03 1.277743797433909371e-06
1.122000000000000000e+03 1.279110259130870836e-06
1.123000000000000000e+03 1.280341704929825894e-06
1.124000000000000000e+03 1.281845541810157241e-06
1.125000000000000000e+03 1.280939163336416461e-06
1.126000000000000000e+03 1.285572241018908548e-06
1.127000000000000000e+03 1.288451822357524525e-06
1.128000000000000000e+03 1.289098865133656169e-06
1.129000000000000000e+03 1.286634861157669921e-06
1.130000000000000000e+03 1.294953276925854456e-06
1.131000000000000000e+03 1.293238845892387483e-06
1.132000000000000000e+03 1.292671818697899004e-06
1.133000000000000000e+03 1.293982973203853072e-06
1.134000000000000000e+03 1.297652149325539792e-06
1.135000000000000000e+03 1.298981539679248452e-06
1.136000000000000000e+03 1.300679888063414380e-06
1.137000000000000000e+03 1.303783205895796076e-06
1.138000000000000000e+03 1.307351273143105928e-06
1.139000000000000000e+03 1.306797387598595298e-06
1.140000000000000000e+03 1.309597605280565921e-06
1.141000000000000000e+03 1.309335920761701333e-06
1.142000000000000000e+03 1.312431920214025622e-06
1.143000000000000000e+03 1.314397784983385213e-06
1.144000000000000000e+03 1.310500429032405532e-06
1.145000000000000000e+03 1.315386215380444222e-06
1.146000000000000000e+03 1.317757210400977463e-06
1.147000000000000000e+03 1.317062531997592192e-06
1.148000000000000000e+03 1.321446695239191986e-06
1.149000000000000000e+03 1.322716127218878615e-06
1.150000000000000000e+03 1.323645754533809984e-06
1.151000000000000000e+03 1.327270460370455551e-06
1.152000000000000000e+03 1.323686000531235518e-06
1.153000000000000000e+03 1.331228076149708255e-06
1.154000000000000000e+03 1.333045736389242642e-06
1.155000000000000000e+03 1.335294185803931175e-06
1.156000000000000000e+03 1.336428387153453977e-06
1.157000000000000000e+03 1.335942866529041166e-06
1.158000000000000000e+03 1.339017504530823247e-06
1.159000000000000000e+03 1.339334220764411314e-06
1.160000000000000000e+03 1.346801474926452255e-06
1.161000000000000000e+03 1.346325705391638703e-06
1.162000000000000000e+03 1.345886535934567311e-06
1.163000000000000000e+03 1.352474902076306638e-06
1.164000000000000000e+03 1.349439411173564330e-06
1.165000000000000000e+03 1.355092094970539528e-06
1.166000000000000000e+03 1.358133485435930577e-06
1.167000000000000000e+03 1.358802341789372807e-06
1.168000000000000000e+03 1.361455296896296647e-06
1.169000000000000000e+03 1.365023938998467477e-06
1.170000000000000000e+03 1.362400821098222983e-06
1.171000000000000000e+03 1.369669722850908605e-06
1.172000000000000000e+03 1.367485921625754376e-06
1.173000000000000000e+03 1.371498776079089504e-06
1.174000000000000000e+03 1.371981908271456662e-06
1.175000000000000000e+03 1.373050799842959741e-06
1.176000000000000000e+03 1.378034141668874441e-06
1.177000000000000000e+03 1.380284143038962790e-06
1.178000000000000000e+03 1.381430186448292865e-06
1.179000000000000000e+03 1.383455750196044681e-06
1.180000000000000000e+03 1.387372395153287944e-06
1.181000000000000000e+03 1.389965115697680299e-06
1.182000000000000000e+03 1.391162522115891380e-06
1.183000000000000000e+03 1.395602387070527675e-06
1.184000000000000000e+03 1.399993585110829880e-06
1.185000000000000000e+03 1.399831810956511224e-06
1.186000000000000000e+03 1.403423968303327896e-06
1.187000000000000000e+03 1.404240761403149554e-06
1.188000000000000000e+03 1.406043981691260357e-06
1.189000000000000000e+03 1.411162309403136758e-06
1.190000000000000000e+03 1.409203733941765835e-06
1.191000000000000000e+03 1.411273373333902734e-06
1.192000000000000000e+03 1.414161755965793338e-06
1.193000000000000000e+03 1.414871169260154862e-06
1.194000000000000000e+03 1.423335904243974291e-06
1.195000000000000000e+03 1.423159110252440059e-06
1.196000000000000000e+03 1.424772881008385084e-06
1.197000000000000000e+03 1.425909876309134430e-06
1.198000000000000000e+03 1.429887423612183822e-06
1.199000000000000000e+03 1.433735197912759336e-06
1.200000000000000000e+03 1.433724508363201055e-06
1.201000000000000000e+03 1.436587700435557890e-06
1.202000000000000000e+03 1.440528132151754419e-06
1.203000000000000000e+03 1.444170731650796482e-06
1.204000000000000000e+03 1.446408980615768387e-06
1.205000000000000000e+03 1.446388544245467378e-06
1.206000000000000000e+03 1.456498413546597150e-06
1.207000000000000000e+03 1.453700801003766327e-06
1.208000000000000000e+03 1.457540996560778878e-06
1.209000000000000000e+03 1.454984478442776164e-06
1.210000000000000000e+03 1.461532005745474179e-06
1.211000000000000000e+03 1.462205976774953649e-06
1.212000000000000000e+03 1.465042258544245913e-06
1.213000000000000000e+03 1.468528904379797109e-06
1.214000000000000000e+03 1.471222637772925239e-06
1.215000000000000000e+03 1.472561552965824835e-06
1.216000000000000000e+03 1.478367987240903290e-06
1.217000000000000000e+03 1.478801667580661354e-06
1.218000000000000000e+03 1.484963611861550245e-06
1.219000000000000000e+03 1.486328678569185300e-06
1.220000000000000000e+03 1.486913917937622154e-06
1.221000000000000000e+03 1.490759728969966659e-06
1.222000000000000000e+03 1.491438675287286501e-06
1.223000000000000000e+03 1.494128314135625458e-06
1.224000000000000000e+03 1.497669916821861037e-06
1.225000000000000000e+03 1.503563052783869600e-06
1.226000000000000000e+03 1.505493602623674918e-06
1.227000000000000000e+03 1.509352473817955759e-06
1.228000000000000000e+03 1.511341573039385094e-06
1.229000000000000000e+03 1.515067491170492940e-06
1.230000000000000000e+03 1.518345392610840616e-06
1.231000000000000000e+03 1.517058953603068103e-06
1.232000000000000000e+03 1.521160024010474388e-06
1.233000000000000000e+03 1.523802055762610937e-06
1.234000000000000000e+03 1.527438727205722875e-06
1.235000000000000000e+03 1.529118564041690646e-06
1.236000000000000000e+03 1.530585231103466671e-06
1.237000000000000000e+03 1.532323414995568799e-06
1.238000000000000000e+03 1.540958425913562310e-06
1.239000000000000000e+03 1.540075843323920029e-06
1.240000000000000000e+03 1.543864515342525170e-06
1.241000000000000000e+03 1.549961930167575466e-06
1.242000000000000000e+03 1.549748717360118567e-06
1.243000000000000000e+03 1.553764212303157582e-06
1.244000000000000000e+03 1.556225125508854623e-06
1.245000000000000000e+03 1.561261402936429383e-06
1.246000000000000000e+03 1.564714625006492754e-06
1.247000000000000000e+03 1.561262929018253007e-06
1.248000000000000000e+03 1.566740319953203662e-06
1.249000000000000000e+03 1.566631642788488962e-06
1.250000000000000000e+03 1.570363560927242717e-06
1.251000000000000000e+03 1.575775974324602824e-06
1.252000000000000000e+03 1.578422841589949929e-06
1.253000000000000000e+03 1.580634623369156097e-06
1.254000000000000000e+03 1.581505809830574484e-06
1.255000000000000000e+03 1.585553376331904749e-06
1.256000000000000000e+03 1.591668061136182376e-06
1.257000000000000000e+03 1.593625575570509088e-06
1.258000000000000000e+03 1.597740404698452776e-06
1.259000000000000000e+03 1.597526584943551751e-06
1.260000000000000000e+03 1.602013288868920489e-06
1.261000000000000000e+03 1.605621131143434257e-06
1.262000000000000000e+03 1.606920522961287878e-06
1.263000000000000000e+03 1.609189063539231988e-06
1.264000000000000000e+03 1.611617222303730936e-06
1.265000000000000000e+03 1.618395829721848304e-06
1.266000000000000000e+03 1.620362045860750479e-06
1.267000000000000000e+03 1.621588947658066775e-06
1.268000000000000000e+03 1.625174622144287375e-06
1.269000000000000000e+03 1.629006372559574127e-06
1.270000000000000000e+03 1.627522868933262204e-06
1.271000000000000000e+03 1.634415400320560396e-06
1.272000000000000000e+03 1.637106051194261708e-06
1.273000000000000000e+03 1.637777156008026006e-06
1.274000000000000000e+03 1.637269633768704464e-06
1.275000000000000000e+03 1.644354290226903902e-06
1.276000000000000000e+03 1.649030776134954212e-06
1.277000000000000000e+03 1.649771274631637390e-06
1.278000000000000000e+03 1.654435692043720744e-06
1.279000000000000000e+03 1.655979704562856326e-06
1.280000000000000000e+03 1.657631368716348774e-06
1.281000000000000000e+03 1.660390016363596105e-06
1.282000000000000000e+03 1.662888045875648405e-06
1.283000000000000000e+03 1.669793534852307984e-06
1.284000000000000000e+03 1.668916000422377254e-06
1.285000000000000000e+03 1.673608599209123874e-06
1.286000000000000000e+03 1.680124547418165147e-06
1.287000000000000000e+03 1.680620300059655048e-06
1.288000000000000000e+03 1.680478902074106659e-06
1.289000000000000000e+03 1.687107339947742365e-06
1.290000000000000000e+03 1.690766083968648532e-06
1.291000000000000000e+03 1.690887210135230464e-06
1.292000000000000000e+03 1.696889959922803968e-06
1.293000000000000000e+03 1.700517392934966666e-06
1.294000000000000000e+03 1.702039768639910964e-06
1.295000000000000000e+03 1.702582704007234460e-06
1.296000000000000000e+03 1.706496999920962943e-06
1.297000000000000000e+03 1.708056273765871616e-06
1.298000000000000000e+03 1.708663414465720418e-06
1.299000000000000000e+03 1.715573038190450869e-06
1.300000000000000000e+03 1.715369878727188288e-06
1.301000000000000000e+03 1.719699815058935590e-06
1.302000000000000000e+03 1.719666759876380563e-06
1.303000000000000000e+03 1.728263671903470191e-06
1.304000000000000000e+03 1.726773903715592724e-06
1.305000000000000000e+03 1.733148053361774028e-06
1.306000000000000000e+03 1.732014540684427940e-06
1.307000000000000000e+03 1.741085037384001094e-06
1.308000000000000000e+03 1.739478697605227217e-06
1.309000000000000000e+03 1.743001290135335640e-06
1.310000000000000000e+03 1.740497507052532200e-06
1.311000000000000000e+03 1.748044332826380926e-06
1.312000000000000000e+03 1.750347920328860726e-06
1.313000000000000000e+03 1.750922697424113103e-06
1.314000000000000000e+03 1.756807120644104448e-06
1.315000000000000000e+03 1.760278086125181969e-06
1.316000000000000000e+03 1.760175471745691131e-06
1.317000000000000000e+03 1.761385712983510530e-06
1.318000000000000000e+03 1.765319504102436229e-06
1.319000000000000000e+03 1.764688204682383299e-06
1.320000000000000000e+03 1.773642461465809278e-06
1.321000000000000000e+03 1.774541448692044253e-06
1.322000000000000000e+03 1.775490163048309447e-06
1.323000000000000000e+03 1.776786903845381557e-06
1.324000000000000000e+03 1.779531000453723020e-06
1.325000000000000000e+03 1.784228187477883572e-06
1.326000000000000000e+03 1.791681162513853378e-06
1.327000000000000000e+03 1.787643577861629910e-06
1.328000000000000000e+03 1.795640124208079444e-06
1.329000000000000000e+03 1.796102335330537610e-06
1.330000000000000000e+03 1.796762821976032061e-06
1.331000000000000000e+03 1.802351305207126196e-06
1.332000000000000000e+03 1.800853695404146781e-06
1.333000000000000000e+03 1.806991158347337641e-06
1.334000000000000000e+03 1.810681770999724215e-06
1.335000000000000000e+03 1.813205730676596886e-06
1.336000000000000000e+03 1.813609797793568390e-06
1.337000000000000000e+03 1.817111082666156160e-06
1.338000000000000000e+03 1.815750837213438865e-06
1.339000000000000000e+03 1.822267120982408142e-06
1.340000000000000000e+03 1.821108892346520845e-06
1.341000000000000000e+03 1.827674235587148115e-06
1.342000000000000000e+03 1.826840999032397094e-06
1.343000000000000000e+03 1.831429682834899882e-06
1.344000000000000000e+03 1.836760616831666501e-06
1.345000000000000000e+03 1.838577586177939250e-06
1.346000000000000000e+03 1.842304340825751661e-06
1.347000000000000000e+03 1.848060685886699013e-06
1.348000000000000000e+03 1.845520162722854347e-06
1.349000000000000000e+03 1.853995840961347140e-06
1.350000000000000000e+03 1.847560877874086716e-06
1.351000000000000000e+03 1.851277238485177485e-06
1.352000000000000000e+03 1.855850480953142491e-06
1.353000000000000000e+03 1.858984212254774613e-06
1.354000000000000000e+03 1.861479189408365052e-06
1.355000000000000000e+03 1.861007797977924593e-06
1.356000000000000000e+03 1.865358710863706263e-06
1.357000000000000000e+03 1.866823733294288123e-06
1.358000000000000000e+03 1.871089042540112280e-06
1.359000000000000000e+03 1.871069337294102560e-06
1.360000000000000000e+03 1.875470196858382733e-06
1.361000000000000000e+03 1.880183836784247726e-06
1.362000000000000000e+03 1.880350902790056021e-06
1.363000000000000000e+03 1.884024676172711103e-06
1.364000000000000000e+03 1.885112002383465454e-06
1.365000000000000000e+03 1.888535057850905805e-06
1.366000000000000000e+03 1.888496493211610522e-06
1.367000000000000000e+03 1.890717165555459291e-06
1.368000000000000000e+03 1.897487171588082046e-06
1.369000000000000000e+03 1.893695776210041619e-06
1.370000000000000000e+03 1.901567025753647202e-06
1.371000000000000000e+03 1.899847506765399685e-06
1.372000000000000000e+03 1.908282877421470511e-06
1.373000000000000000e+03 1.905213697077291984e-06
1.374000000000000000e+03 1.913821182763516525e-06
1.375000000000000000e+03 1.912115198205583946e-06
1.376000000000000000e+03 1.916683686890440962e-06
1.377000000000000000e+03 1.920051554056840851e-06
1.378000000000000000e+03 1.921746910934612634e-06
1.379000000000000000e+03 1.928160372878588155e-06
1.380000000000000000e+03 1.926730066419184876e-06
1.381000000000000000e+03 1.925851257152716398e-06
1.382000000000000000e+03 1.931229157068185333e-06
1.383000000000000000e+03 1.933553232623111076e-06
1.384000000000000000e+03 1.939889905818763608e-06
1.385000000000000000e+03 1.936968680278232260e-06
1.386000000000000000e+03 1.940167173998351470e-06
1.387000000000000000e+03 1.942047588806817135e-06
1.388000000000000000e+03 1.945063662190808912e-06
1.389000000000000000e+03 1.945059585058354698e-06
1.390000000000000000e+03 1.948482696899653996e-06
1.391000000000000000e+03 1.952866862169525004e-06
1.392000000000000000e+03 1.952581478913063076e-06
1.393000000000000000e+03 1.953898125098845272e-06
1.394000000000000000e+03 1.959352036214497018e-06
1.395000000000000000e+03 1.960705366634371678e-06
1.396000000000000000e+03 1.965453579741990618e-06
1.397000000000000000e+03 1.965819684863485002e-06
1.398000000000000000e+03 1.970257642617233211e-06
1.399000000000000000e+03 1.972924860581533608e-06
1.400000000000000000e+03 1.973346969708553054e-06
1.401000000000000000e+03 1.979078089722755705e-06
1.402000000000000000e+03 1.979251268011637477e-06
1.403000000000000000e+03 1.980757373298871773e-06
1.404000000000000000e+03 1.980471541267142257e-06
1.405000000000000000e+03 1.986686172172505243e-06
1.406000000000000000e+03 1.986211361273806110e-06
1.407000000000000000e+03 1.992385288423085091e-06
1.408000000000000000e+03 1.998908682158016518e-06
1.409000000000000000e+03 2.000112748255753760e-06
1.410000000000000000e+03 2.003651821415753430e-06
1.411000000000000000e+03 2.004116533438627275e-06
1.412000000000000000e+03 2.000967044216874608e-06
1.413000000000000000e+03 2.010212560325567775e-06
1.414000000000000000e+03 2.009227538690354208e-06
1.415000000000000000e+03 2.012217104733928828e-06
1.416000000000000000e+03 2.016829291266743761e-06
1.417000000000000000e+03 2.017285614455075920e-06
1.418000000000000000e+03 2.017773020557737253e-06
1.419000000000000000e+03 2.026519935604617193e-06
1.420000000000000000e+03 2.021064103787594449e-06
1.421000000000000000e+03 2.030297714172738640e-06
1.422000000000000000e+03 2.030335495474445148e-06
1.423000000000000000e+03 2.031853090921735177e-06
1.424000000000000000e+03 2.034811103996929534e-06
1.425000000000000000e+03 2.036076828764264368e-06
1.426000000000000000e+03 2.043123610953575147e-06
1.427000000000000000e+03 2.046389424870748359e-06
1.428000000000000000e+03 2.048018077455648619e-06
1.429000000000000000e+03 2.047963970081459666e-06
1.430000000000000000e+03 2.055321869482741508e-06
1.431000000000000000e+03 2.052364412739796147e-06
1.432000000000000000e+03 2.058318715434381440e-06
1.433000000000000000e+03 2.055005709496815821e-06
1.434000000000000000e+03 2.058999748616354575e-06
1.435000000000000000e+03 2.060776385400724111e-06
1.436000000000000000e+03 2.066729500375096170e-06
1.437000000000000000e+03 2.068604719473708099e-06
1.438000000000000000e+03 2.079675571955540593e-06
1.439000000000000000e+03 2.076409617361598560e-06
1.440000000000000000e+03 2.081082806970584944e-06
1.441000000000000000e+03 2.081336636843992312e-06
1.442000000000000000e+03 2.083077277749796170e-06
1.443000000000000000e+03 2.085850828500946448e-06
1.444000000000000000e+03 2.088693891329498335e-06
1.445000000000000000e+03 2.092657822877184766e-06
1.446000000000000000e+03 2.091580065698526912e-06
1.447000000000000000e+03 2.098928626896325402e-06
1.448000000000000000e+03 2.100534584427284640e-06
1.449000000000000000e+03 2.107863014566610465e-06
1.450000000000000000e+03 2.105409653640065492e-06
1.451000000000000000e+03 2.107829066658312467e-06
1.452000000000000000e+03 2.115964384587235790e-06
1.453000000000000000e+03 2.116805407689835096e-06
1.454000000000000000e+03 2.120221116016063544e-06
1.455000000000000000e+03 2.123780073164436971e-06
1.456000000000000000e+03 2.128011985824224424e-06
1.457000000000000000e+03 2.133671150288360677e-06
1.458000000000000000e+03 2.130541671178871592e-06
1.459000000000000000e+03 2.134753175794412247e-06
1.460000000000000000e+03 2.138498515127457023e-06
1.461000000000000000e+03 2.146964999484193392e-06
1.462000000000000000e+03 2.144068676722543902e-06
1.463000000000000000e+03 2.143286571594527316e-06
1.464000000000000000e+03 2.150807341493874064e-06
1.465000000000000000e+03 2.153754604714447407e-06
1.466000000000000000e+03 2.158697335305924949e-06
1.467000000000000000e+03 2.162222112469952070e-06
1.468000000000000000e+03 2.164424564840397861e-06
1.469000000000000000e+03 2.164747187340078188e-06
1.470000000000000000e+03 2.173759228674829200e-06
1.471000000000000000e+03 2.169436097061032012e-06
1.472000000000000000e+03 2.180040450920606093e-06
1.473000000000000000e+03 2.177487969054015069e-06
1.474000000000000000e+03 2.186637955851957694e-06
1.475000000000000000e+03 2.188112203674666158e-06
1.476000000000000000e+03 2.186574709636110315e-06
1.477000000000000000e+03 2.191878127955415570e-06
1.478000000000000000e+03 2.196186209762101046e-06
1.479000000000000000e+03 2.197302367033772817e-06
1.480000000000000000e+03 2.203652438878325963e-06
1.481000000000000000e+03 2.208005043407995073e-06
1.482000000000000000e+03 2.212608564129507887e-06
1.483000000000000000e+03 2.211822648179525814e-06
1.484000000000000000e+03 2.218700761665148864e-06
1.485000000000000000e+03 2.218540752141036955e-06
1.486000000000000000e+03 2.224529775811602571e-06
1.487000000000000000e+03 2.227463890650524630e-06
1.488000000000000000e+03 2.227273336365216139e-06
1.489000000000000000e+03 2.232565832953990082e-06
1.490000000000000000e+03 2.235163391468693906e-06
1.491000000000000000e+03 2.238814138023822692e-06
1.492000000000000000e+03 2.243822422588334086e-06
1.493000000000000000e+03 2.243215922599247351e-06
1.494000000000000000e+03 2.247344438520608589e-06
1.495000000000000000e+03 2.254938182391196678e-06
1.496000000000000000e+03 2.252829559203611076e-06
1.497000000000000000e+03 2.261802419225754269e-06
1.498000000000000000e+03 2.262253809964333429e-06
1.499000000000000000e+03 2.273765792137055165e-06
1.500000000000000000e+03 2.272151232041746597e-06
1.501000000000000000e+03 2.275298918253812302e-06
1.502000000000000000e+03 2.278597015396910699e-06
1.503000000000000000e+03 2.285470405572836183e-06
1.504000000000000000e+03 2.284112106874957029e-06
1.505000000000000000e+03 2.290708000123342556e-06
1.506000000000000000e+03 2.293491310253534503e-06
1.507000000000000000e+03 2.293862342203177952e-06
1.508000000000000000e+03 2.298675283548391923e-06
1.509000000000000000e+03 2.302814074736183248e-06
1.510000000000000000e+03 2.304813803325806281e-06
1.511000000000000000e+03 2.307474474274524522e-06
1.512000000000000000e+03 2.320178101360561499e-06
1.513000000000000000e+03 2.311058250614842741e-06
1.514000000000000000e+03 2.324941922700872961e-06
1.515000000000000000e+03 2.327210225734364080e-06
1.516000000000000000e+03 2.324534009075563341e-06
1.517000000000000000e+03 2.337142318881763012e-06
1.518000000000000000e+03 2.337064405311483220e-06
1.519000000000000000e+03 2.341173621545842482e-06
1.520000000000000000e+03 2.343364895701352290e-06
1.521000000000000000e+03 2.350041623489717025e-06
1.522000000000000000e+03 2.343866022645855323e-06
1.523000000000000000e+03 2.351516428508432945e-06
1.524000000000000000e+03 2.361596235086694218e-06
1.525000000000000000e+03 2.360069153057052203e-06
1.526000000000000000e+03 2.362483164284796782e-06
1.527000000000000000e+03 2.369674896249994934e-06
1.528000000000000000e+03 2.372170514836467803e-06
1.529000000000000000e+03 2.375586763060894168e-06
1.530000000000000000e+03 2.377260576306157748e-06
1.531000000000000000e+03 2.383036633309930307e-06
1.532000000000000000e+03 2.388038255653639454e-06
1.533000000000000000e+03 2.390953444669940121e-06
1.534000000000000000e+03 2.392413456848655713e-06
1.535000000000000000e+03 2.399877974241607707e-06
1.536000000000000000e+03 2.395274646343552645e-06
1.537000000000000000e+03 2.409906558221482035e-06
1.538000000000000000e+03 2.403790339574504721e-06
1.539000000000000000e+03 2.416906466707672363e-06
1.540000000000000000e+03 2.417941710542728387e-06
1.541000000000000000e+03 2.419062481490369830e-06
1.542000000000000000e+03 2.421671765421109208e-06
1.543000000000000000e+03 2.423530982518654062e-06
1.544000000000000000e+03 2.428993627441105770e-06
1.545000000000000000e+03 2.434236099662801272e-06
1.546000000000000000e+03 2.431684073469598539e-06
1.547000000000000000e+03 2.441641143534989724e-06
1.548000000000000000e+03 2.448394675664964049e-06
1.549000000000000000e+03 2.451442425703138562e-06
1.550000000000000000e+03 2.456201140621035865e-06
1.551000000000000000e+03 2.457232423210174645e-06
1.552000000000000000e+03 2.457418575543935452e-06
1.553000000000000000e+03 2.460359640610545909e-06
1.554000000000000000e+03 2.467036693537781498e-06
1.555000000000000000e+03 2.473921045157571573e-06
1.556000000000000000e+03 2.468778273973672251e-06
1.557000000000000000e+03 2.482235563846674304e-06
1.558000000000000000e+03 2.481256534785490020e-06
1.559000000000000000e+03 2.487313476089614457e-06
1.560000000000000000e+03 2.491391943851554493e-06
1.561000000000000000e+03 2.492422796679820760e-06
1.562000000000000000e+03 2.495163936796226529e-06
1.563000000000000000e+03 2.499806072344073023e-06
1.564000000000000000e+03 2.507543908735696986e-06
1.565000000000000000e+03 2.506047490368388947e-06
1.566000000000000000e+03 2.507061726692936444e-06
1.567000000000000000e+03 2.514878491494636599e-06
1.568000000000000000e+03 2.514169153628486394e-06
1.569000000000000000e+03 2.520434120374086318e-06
1.570000000000000000e+03 2.521999834690252004e-06
1.571000000000000000e+03 2.527672022332799990e-06
1.572000000000000000e+03 2.532812426850787096e-06
1.573000000000000000e+03 2.534848646063784468e-06
1.574000000000000000e+03 2.536107266749033828e-06
1.575000000000000000e+03 2.540997239229447401e-06
1.576000000000000000e+03 2.542173971214190609e-06
1.577000000000000000e+03 2.549015785047452957e-06
1.578000000000000000e+03 2.547852949976685837e-06
1.579000000000000000e+03 2.555942200690031727e-06
1.580000000000000000e+03 2.558267620607754603e-06
1.581000000000000000e+03 2.562237516976576831e-06
1.582000000000000000e+03 2.566245828482746418e-06
1.583000000000000000e+03 2.564594314838666270e-06
1.584000000000000000e+03 2.568406533779552510e-06
1.585000000000000000e+03 2.575114672816000613e-06
1.586000000000000000e+03 2.578495201909289680e-06
1.587000000000000000e+03 2.576912761917918879e-06
1.588000000000000000e+03 2.584772177297901474e-06
1.589000000000000000e+03 2.576167336614243826e-06
1.590000000000000000e+03 2.593561562095001250e-06
1.591000000000000000e+03 2.594393900132935884e-06
1.592000000000000000e+03 2.593890168120638425e-06
1.593000000000000000e+03 2.603170151130776118e-06
1.594000000000000000e+03 2.603134195700913161e-06
1.595000000000000000e+03 2.605631575253940863e-06
1.596000000000000000e+03 2.614589649116574139e-06
1.597000000000000000e+03 2.612876520629980289e-06
1.598000000000000000e+03 2.615011302030119300e-06
1.599000000000000000e+03 2.619159820603256645e-06
1.600000000000000000e+03 2.616261261698914649e-06
1.601000000000000000e+03 2.622924134294385876e-06
1.602000000000000000e+03 2.628902134683305979e-06
1.603000000000000000e+03 2.628168215105946555e-06
1.604000000000000000e+03 2.633533978310136960e-06
1.605000000000000000e+03 2.636076940599672481e-06
1.606000000000000000e+03 2.637064875211279537e-06
1.607000000000000000e+03 2.642249817529551933e-06
1.608000000000000000e+03 2.646611280172993818e-06
1.609000000000000000e+03 2.644910027845971539e-06
1.610000000000000000e+03 2.648354838121568916e-06
1.611000000000000000e+03 2.653897254832202783e-06
1.612000000000000000e+03 2.648725685015905207e-06
1.613000000000000000e+03 2.652812881856477223e-06
1.614000000000000000e+03 2.653880639201019851e-06
1.615000000000000000e+03 2.655697395649076494e-06
1.616000000000000000e+03 2.662559760004675480e-06
1.617000000000000000e+03 2.670138135171972269e-06
1.618000000000000000e+03 2.665910096706713845e-06
1.619000000000000000e+03 2.666107115392302310e-06
1.620000000000000000e+03 2.676329840562320543e-06
1.621000000000000000e+03 2.670758795259770649e-06
1.622000000000000000e+03 2.681632832374980600e-06
1.623000000000000000e+03 2.681504669819753794e-06
1.624000000000000000e+03 2.683519301303389245e-06
1.625000000000000000e+03 2.684883411235195615e-06
1.626000000000000000e+03 2.687581235377748017e-06
1.627000000000000000e+03 2.695846885686516199e-06
1.628000000000000000e+03 2.693653002866936230e-06
1.629000000000000000e+03 2.699839008937934845e-06
1.630000000000000000e+03 2.697041176416446336e-06
1.631000000000000000e+03 2.702842857916046772e-06
1.632000000000000000e+03 2.702830878067350738e-06
1.633000000000000000e+03 2.708517025948288342e-06
1.634000000000000000e+03 2.706020113989860510e-06
1.635000000000000000e+03 2.711153011029008223e-06
1.636000000000000000e+03 2.712539596031165656e-06
1.637000000000000000e+03 2.712696984167763295e-06
1.638000000000000000e+03 2.720249918992028725e-06
1.639000000000000000e+03 2.718895546993429110e-06
1.640000000000000000e+03 2.718835012758900093e-06
1.641000000000000000e+03 2.728137023754353484e-06
1.642000000000000000e+03 2.724034370254285264e-06
1.643000000000000000e+03 2.724596841421760582e-06
1.644000000000000000e+03 2.721429264291617523e-06
1.645000000000000000e+03 2.735071084516398726e-06
1.646000000000000000e+03 2.734861723497587410e-06
1.647000000000000000e+03 2.739291447428571323e-06
1.648000000000000000e+03 2.739465073555485504e-06
1.649000000000000000e+03 2.737134971718714158e-06
1.650000000000000000e+03 2.745293673874347666e-06
1.651000000000000000e+03 2.741348014815365577e-06
1.652000000000000000e+03 2.740481836611724259e-06
1.653000000000000000e+03 2.745995929537622824e-06
1.654000000000000000e+03 2.745142405898058813e-06
1.655000000000000000e+03 2.752187329449492620e-06
1.656000000000000000e+03 2.751446838053420570e-06
1.657000000000000000e+03 2.750928537491548324e-06
1.658000000000000000e+03 2.755650752859346911e-06
1.659000000000000000e+03 2.752122748263709539e-06
1.660000000000000000e+03 2.756352706639463028e-06
1.661000000000000000e+03 2.756180084337758770e-06
1.662000000000000000e+03 2.759097789095817535e-06
1.663000000000000000e+03 2.761603021201355619e-06
1.664000000000000000e+03 2.768040591604111074e-06
1.665000000000000000e+03 2.761261333897967112e-06
1.666000000000000000e+03 2.774765573732041494e-06
1.667000000000000000e+03 2.764341001293074585e-06
1.668000000000000000e+03 2.777778389939512602e-06
1.669000000000000000e+03 2.771231215926509712e-06
1.670000000000000000e+03 2.777546235340813223e-06
1.671000000000000000e+03 2.782873697805272795e-06
1.672000000000000000e+03 2.781810925960296413e-06
1.673000000000000000e+03 2.779726778421905187e-06
1.674000000000000000e+03 2.788408836251239427e-06
1.675000000000000000e+03 2.790593392061668841e-06
1.676000000000000000e+03 2.783583461846452256e-06
1.677000000000000000e+03 2.789060722813873871e-06
1.678000000000000000e+03 2.794305343321700235e-06
1.679000000000000000e+03 2.791665332621363800e-06
1.680000000000000000e+03 2.792558331172606568e-06
1.681000000000000000e+03 2.795001930293720891e-06
1.682000000000000000e+03 2.796952573290843458e-06
1.683000000000000000e+03 2.800596005910692699e-06
1.684000000000000000e+03 2.805554550346579161e-06
1.685000000000000000e+03 2.804548428332050804e-06
1.686000000000000000e+03 2.804963594160373518e-06
1.687000000000000000e+03 2.810004880389829665e-06
1.688000000000000000e+03 2.804251590879441624e-06
1.689000000000000000e+03 2.803912563184995700e-06
1.690000000000000000e+03 2.808865604711039339e-06
1.691000000000000000e+03 2.812792586084724458e-06
1.692000000000000000e+03 2.810284971762845306e-06
1.693000000000000000e+03 2.814685066127138543e-06
1.694000000000000000e+03 2.820538039352895059e-06
1.695000000000000000e+03 2.811837992469961493e-06
1.696000000000000000e+03 2.820777892224706843e-06
1.697000000000000000e+03 2.825789213113484049e-06
1.698000000000000000e+03 2.821150630208099943e-06
1.699000000000000000e+03 2.823599775861100136e-06
1.700000000000000000e+03 2.825977005172459765e-06
1.701000000000000000e+03 2.827774602498251289e-06
1.702000000000000000e+03 2.828671703673615307e-06
1.703000000000000000e+03 2.832244496149003484e-06
1.704000000000000000e+03 2.835167696358817241e-06
1.705000000000000000e+03 2.838932378685880662e-06
1.706000000000000000e+03 2.836845462147025065e-06
1.707000000000000000e+03 2.846866291104367608e-06
1.708000000000000000e+03 2.841664019833882195e-06
1.709000000000000000e+03 2.843156735718004013e-06
1.710000000000000000e+03 2.848470969665973259e-06
1.711000000000000000e+03 2.848563011705815510e-06
1.712000000000000000e+03 2.848378983391811405e-06
1.713000000000000000e+03 2.853910668094396797e-06
1.714000000000000000e+03 2.850382137182968176e-06
1.715000000000000000e+03 2.854357132766499248e-06
1.716000000000000000e+03 2.856139860660299689e-06
1.717000000000000000e+03 2.859020671482147445e-06
1.718000000000000000e+03 2.858223228190291871e-06
1.719000000000000000e+03 2.860587881178491611e-06
1.720000000000000000e+03 2.859675898896592783e-06
1.721000000000000000e+03 2.868360999201344828e-06
1.722000000000000000e+03 2.864677782716894330e-06
1.723000000000000000e+03 2.862321140304909550e-06
1.724000000000000000e+03 2.866852181458570187e-06
1.725000000000000000e+03 2.871798272324022136e-06
1.726000000000000000e+03 2.878152852777687098e-06
1.727000000000000000e+03 2.875665937143743026e-06
1.728000000000000000e+03 2.879849708864623117e-06
1.729000000000000000e+03 2.882076173419495791e-06
1.730000000000000000e+03 2.882154742848301862e-06
1.731000000000000000e+03 2.883470928516314018e-06
1.732000000000000000e+03 2.878594170182175276e-06
1.733000000000000000e+03 2.889777345266697360e-06
1.734000000000000000e+03 2.884272204257423086e-06
1.735000000000000000e+03 2.889730811360198332e-06
1.736000000000000000e+03 2.891941029990412617e-06
1.737000000000000000e+03 2.896928372966918349e-06
1.738000000000000000e+03 2.898783806223930110e-06
1.739000000000000000e+03 2.896030340392158297e-06
1.740000000000000000e+03 2.901359511646681340e-06
1.741000000000000000e+03 2.899328194644504745e-06
1.742000000000000000e+03 2.904165465688662832e-06
1.743000000000000000e+03 2.908442659487730703e-06
1.744000000000000000e+03 2.910753737718441850e-06
1.745000000000000000e+03 2.915314863354962374e-06
1.746000000000000000e+03 2.919422542194057136e-06
1.747000000000000000e+03 2.910257748952244549e-06
1.748000000000000000e+03 2.921083448237188670e-06
1.749000000000000000e+03 2.923688956489454410e-06
1.750000000000000000e+03 2.929854263654693258e-06
1.751000000000000000e+03 2.925304998267224384e-06
1.752000000000000000e+03 2.934103170705311478e-06
1.753000000000000000e+03 2.935082400636991400e-06
1.754000000000000000e+03 2.934938000251869316e-06
1.755000000000000000e+03 2.939262017656139813e-06
1.756000000000000000e+03 2.940671447941411835e-06
1.757000000000000000e+03 2.938689402318375346e-06
1.758000000000000000e+03 2.943288154281065716e-06
1.759000000000000000e+03 2.948964692916916009e-06
1.760000000000000000e+03 2.943714160840152065e-06
1.761000000000000000e+03 2.952502031979699016e-06
1.762000000000000000e+03 2.952272761601791354e-06
1.763000000000000000e+03 2.964510458685548003e-06
1.764000000000000000e+03 2.953713051122242736e-06
1.765000000000000000e+03 2.969447174642516971e-06
1.766000000000000000e+03 2.969576553428122516e-06
1.767000000000000000e+03 2.964465711050678803e-06
1.768000000000000000e+03 2.968032704772233424e-06
1.769000000000000000e+03 2.972623853959113352e-06
1.770000000000000000e+03 2.977149107098126428e-06
1.771000000000000000e+03 2.982845735885449748e-06
1.772000000000000000e+03 2.983880567602133118e-06
1.773000000000000000e+03 2.982463218516787096e-06
1.774000000000000000e+03 2.988913478169165885e-06
1.775000000000000000e+03 2.985754166664225273e-06
1.776000000000000000e+03 2.992330318582132919e-06
1.777000000000000000e+03 2.996304769994168762e-06
1.778000000000000000e+03 2.995646225900580708e-06
1.779000000000000000e+03 3.004040374515833832e-06
1.780000000000000000e+03 2.998481437325831200e-06
1.781000000000000000e+03 3.006757552480989697e-06
1.782000000000000000e+03 3.008584049132763873e-06
1.783000000000000000e+03 3.014800042666799017e-06
1.784000000000000000e+03 3.016262453265673461e-06
1.785000000000000000e+03 3.025280050470160796e-06
1.786000000000000000e+03 3.020405521827839111e-06
1.787000000000000000e+03 3.030017380053521625e-06
1.788000000000000000e+03 3.024229928176298816e-06
1.789000000000000000e+03 3.034452940336007265e-06
1.790000000000000000e+03 3.039044653061936027e-06
1.791000000000000000e+03 3.032845827273651258e-06
1.792000000000000000e+03 3.038357539645453317e-06
1.793000000000000000e+03 3.045980974523329091e-06
1.794000000000000000e+03 3.041838018209970457e-06
1.795000000000000000e+03 3.056076461828499344e-06
1.796000000000000000e+03 3.053017460147119937e-06
1.797000000000000000e+03 3.055998484812484645e-06
1.798000000000000000e+03 3.058101186589932463e-06
1.799000000000000000e+03 3.068143549236528239e-06
1.800000000000000000e+03 3.060332586145612155e-06
1.801000000000000000e+03 3.067393739654739002e-06
1.802000000000000000e+03 3.075693166214079985e-06
1.803000000000000000e+03 3.078628949623630898e-06
1.804000000000000000e+03 3.077576055935941804e-06
1.805000000000000000e+03 3.085297816021554915e-06
1.806000000000000000e+03 3.088503831860832572e-06
1.807000000000000000e+03 3.092512944591090489e-06
1.808000000000000000e+03 3.089090494383649837e-06
1.809000000000000000e+03 3.088519394946815543e-06
1.810000000000000000e+03 3.098306257836389749e-06
1.811000000000000000e+03 3.104820582997846977e-06
1.812000000000000000e+03 3.102994251466458274e-06
1.813000000000000000e+03 3.107529946905982519e-06
1.814000000000000000e+03 3.113046910742187852e-06
1.815000000000000000e+03 3.113052687935577853e-06
1.816000000000000000e+03 3.115731825216734784e-06
1.817000000000000000e+03 3.125749192136098847e-06
1.818000000000000000e+03 3.127895219316008794e-06
1.819000000000000000e+03 3.134214565496956978e-06
1.820000000000000000e+03 3.129645923278600045e-06
1.821000000000000000e+03 3.134567837958966795e-06
1.822000000000000000e+03 3.140868864213766547e-06
1.823000000000000000e+03 3.144126937305597507e-06
1.824000000000000000e+03 3.142901524001608127e-06
1.825000000000000000e+03 3.157204789352505396e-06
1.826000000000000000e+03 3.155278189688938129e-06
1.827000000000000000e+03 3.151863296078824568e-06
1.828000000000000000e+03 3.160015847322747736e-06
1.829000000000000000e+03 3.159753849244412198e-06
1.830000000000000000e+03 3.166138134395832163e-06
1.831000000000000000e+03 3.168930201433982018e-06
1.832000000000000000e+03 3.181515357354149202e-06
1.833000000000000000e+03 3.177605558413585770e-06
1.834000000000000000e+03 3.186148126181505777e-06
1.835000000000000000e+03 3.185627936613354082e-06
1.836000000000000000e+03 3.191916348467141103e-06
1.837000000000000000e+03 3.190671594116130210e-06
1.838000000000000000e+03 3.190412397439324178e-06
1.839000000000000000e+03 3.201159652058583460e-06
1.840000000000000000e+03 3.194092798677999021e-06
1.841000000000000000e+03 3.202641253620534308e-06
1.842000000000000000e+03 3.202225621276381873e-06
1.843000000000000000e+03 3.218269980676317810e-06
1.844000000000000000e+03 3.214602404637954654e-06
1.845000000000000000e+03 3.222332436364529495e-06
1.846000000000000000e+03 3.217952214326078062e-06
1.847000000000000000e+03 3.226707526426776642e-06
1.848000000000000000e+03 3.229816416492706593e-06
1.849000000000000000e+03 3.234253177623655089e-06
1.850000000000000000e+03 3.238426425910719895e-06
1.851000000000000000e+03 3.242633421010987382e-06
1.852000000000000000e+03 3.245344006320330333e-06
1.853000000000000000e+03 3.238426019027710927e-06
1.854000000000000000e+03 3.251921233804200176e-06
1.855000000000000000e+03 3.255636476022984639e-06
1.856000000000000000e+03 3.255192917881518002e-06
1.857000000000000000e+03 3.262498641066807333e-06
1.858000000000000000e+03 3.264730027536838078e-06
1.859000000000000000e+03 3.269028451275248792e-06
1.860000000000000000e+03 3.272436409111070626e-06
1.861000000000000000e+03 3.273562117063450810e-06
1.862000000000000000e+03 3.278342325113066328e-06
1.863000000000000000e+03 3.277951567135370225e-06
1.864000000000000000e+03 3.285329090614414809e-06
1.865000000000000000e+03 3.288687071729894391e-06
1.866000000000000000e+03 3.294147202636552309e-06
1.867000000000000000e+03 3.294040300567201853e-06
1.868000000000000000e+03 3.300807075478348892e-06
1.869000000000000000e+03 3.306307274885004934e-06
1.870000000000000000e+03 3.303961319063928985e-06
1.871000000000000000e+03 3.305669694377240028e-06
1.872000000000000000e+03 3.309750599740825289e-06
1.873000000000000000e+03 3.308453414242806606e-06
1.874000000000000000e+03 3.318169943846923016e-06
1.875000000000000000e+03 3.322160075460960675e-06
1.876000000000000000e+03 3.323094625605822404e-06
1.877000000000000000e+03 3.322297301325710632e-06
1.878000000000000000e+03 3.323916820671578205e-06
1.879000000000000000e+03 3.330676905318454861e-06
1.880000000000000000e+03 3.333309215991629087e-06
1.881000000000000000e+03 3.332095447793226384e-06
1.882000000000000000e+03 3.336722022219967058e-06
1.883000000000000000e+03 3.337157908255939675e-06
1.884000000000000000e+03 3.341411718559177105e-06
1.885000000000000000e+03 3.342395636651698485e-06
1.886000000000000000e+03 3.350878409772669276e-06
1.887000000000000000e+03 3.352679864700680806e-06
1.888000000000000000e+03 3.356492153650366914e-06
1.889000000000000000e+03 3.360239691738805552e-06
1.890000000000000000e+03 3.359737870492714555e-06
1.891000000000000000e+03 3.352217848614750902e-06
1.892000000000000000e+03 3.364708794901019099e-06
1.893000000000000000e+03 3.370556208239731430e-06
1.894000000000000000e+03 3.371572465295625936e-06
1.895000000000000000e+03 3.373844854802092840e-06
1.896000000000000000e+03 3.368693610152295191e-06
1.897000000000000000e+03 3.374958983812407356e-06
1.898000000000000000e+03 3.379079409328262246e-06
1.899000000000000000e+03 3.380230326093691531e-06
1.900000000000000000e+03 3.385378883438370012e-06
1.901000000000000000e+03 3.388815240817334991e-06
1.902000000000000000e+03 3.382112478345431402e-06
1.903000000000000000e+03 3.387441208079454594e-06
1.904000000000000000e+03 3.389679412133994458e-06
1.905000000000000000e+03 3.387425969475059733e-06
1.906000000000000000e+03 3.392329504293433379e-06
1.907000000000000000e+03 3.394842202124685021e-06
1.908000000000000000e+03 3.398528474715945178e-06
1.909000000000000000e+03 3.400859918055410349e-06
1.910000000000000000e+03 3.401804108458715200e-06
1.911000000000000000e+03 3.403382471228521379e-06
1.912000000000000000e+03 3.394526089193774401e-06
1.913000000000000000e+03 3.406625031142392995e-06
1.914000000000000000e+03 3.411497324162496391e-06
1.915000000000000000e+03 3.411926357477068544e-06
1.916000000000000000e+03 3.407909323549751124e-06
1.917000000000000000e+03 3.411298648555761212e-06
1.918000000000000000e+03 3.412670633519368461e-06
1.919000000000000000e+03 3.415327582701440730e-06
1.920000000000000000e+03 3.413054578008504386e-06
1.921000000000000000e+03 3.415150877209884107e-06
1.922000000000000000e+03 3.420629065921405611e-06
1.923000000000000000e+03 3.423502208874566904e-06
1.924000000000000000e+03 3.422000456227283904e-06
1.925000000000000000e+03 3.426373921469921258e-06
1.926000000000000000e+03 3.419119206194346639e-06
1.927000000000000000e+03 3.430930650658757064e-06
1.928000000000000000e+03 3.427806311660840440e-06
1.929000000000000000e+03 3.417982640871740745e-06
1.930000000000000000e+03 3.425332952089464621e-06
1.931000000000000000e+03 3.427562123417114116e-06
1.932000000000000000e+03 3.422088802953222988e-06
1.933000000000000000e+03 3.426043498059041931e-06
1.934000000000000000e+03 3.431927106649049568e-06
1.935000000000000000e+03 3.429487088089449337e-06
1.936000000000000000e+03 3.430492431781231391e-06
1.937000000000000000e+03 3.430922171830164399e-06
1.938000000000000000e+03 3.428337111396479931e-06
1.939000000000000000e+03 3.431113701460896993e-06
1.940000000000000000e+03 3.431072446341861078e-06
1.941000000000000000e+03 3.432644428027696475e-06
1.942000000000000000e+03 3.440046519902456399e-06
1.943000000000000000e+03 3.431437502413152779e-06
1.944000000000000000e+03 3.439851123645240614e-06
1.945000000000000000e+03 3.432822928176294381e-06
1.946000000000000000e+03 3.441108743283994080e-06
1.947000000000000000e+03 3.433811477773151847e-06
1.948000000000000000e+03 3.441989380217114291e-06
1.949000000000000000e+03 3.434580914343296228e-06
1.950000000000000000e+03 3.435018267362493279e-06
1.951000000000000000e+03 3.434466329297914663e-06
1.952000000000000000e+03 3.430476751544028156e-06
1.953000000000000000e+03 3.429235073026720278e-06
1.954000000000000000e+03 3.436666925674127944e-06
1.955000000000000000e+03 3.439537007365151188e-06
1.956000000000000000e+03 3.439277746563032752e-06
1.957000000000000000e+03 3.434901368247889081e-06
1.958000000000000000e+03 3.437783245864300596e-06
1.959000000000000000e+03 3.425206779099205312e-06
1.960000000000000000e+03 3.429727056655213292e-06
1.961000000000000000e+03 3.428925818693659166e-06
1.962000000000000000e+03 3.427811597303065487e-06
1.963000000000000000e+03 3.423305186763229493e-06
1.964000000000000000e+03 3.433548936115272597e-06
1.965000000000000000e+03 3.422607519340135312e-06
1.966000000000000000e+03 3.425130372172184532e-06
1.967000000000000000e+03 3.419757914373240272e-06
1.968000000000000000e+03 3.425779653346554716e-06
1.969000000000000000e+03 3.413321213829998030e-06
1.970000000000000000e+03 3.424025763722760216e-06
1.971000000000000000e+03 3.413431756650164071e-06
1.972000000000000000e+03 3.419947662553363194e-06
1.973000000000000000e+03 3.418684952387158883e-06
1.974000000000000000e+03 3.418352430117839416e-06
1.975000000000000000e+03 3.411437237344667384e-06
1.976000000000000000e+03 3.412632322287448981e-06
1.977000000000000000e+03 3.411806665319658828e-06
1.978000000000000000e+03 3.409538479692045464e-06
1.979000000000000000e+03 3.408918840860616215e-06
1.980000000000000000e+03 3.403092538419010162e-06
1.981000000000000000e+03 3.401345754758670156e-06
1.982000000000000000e+03 3.400612146283657263e-06
1.983000000000000000e+03 3.402194326952417156e-06
1.984000000000000000e+03 3.390864303375682626e-06
1.985000000000000000e+03 3.393645967135037367e-06
1.986000000000000000e+03 3.392866255945550331e-06
1.987000000000000000e+03 3.400719433298215295e-06
1.988000000000000000e+03 3.385873019869094043e-06
1.989000000000000000e+03 3.389231985601522535e-06
1.990000000000000000e+03 3.382477302335235151e-06
1.991000000000000000e+03 3.387187181475328979e-06
1.992000000000000000e+03 3.384636629403674256e-06
1.993000000000000000e+03 3.384091819342473629e-06
1.994000000000000000e+03 3.373359612719860898e-06
1.995000000000000000e+03 3.381054930595206135e-06
1.996000000000000000e+03 3.370238343831197884e-06
1.997000000000000000e+03 3.375749708871059496e-06
1.998000000000000000e+03 3.368040927522229802e-06
1.999000000000000000e+03 3.367912392716992249e-06
2.000000000000000000e+03 3.362418651168040523e-06
2.001000000000000000e+03 3.359459467031763113e-06
2.002000000000000000e+03 3.359624477456001614e-06
2.003000000000000000e+03 3.361582211324131645e-06
2.004000000000000000e+03 3.353177769410497227e-06
2.005000000000000000e+03 3.347904573385659739e-06
2.006000000000000000e+03 3.355527939029341770e-06
2.007000000000000000e+03 3.347733524849343017e-06
2.008000000000000000e+03 3.339781539597894548e-06
2.009000000000000000e+03 3.344852208905973953e-06
2.010000000000000000e+03 3.337444119886819850e-06
2.011000000000000000e+03 3.337898798997721729e-06
2.012000000000000000e+03 3.333363330398018553e-06
2.013000000000000000e+03 3.333393696796349599e-06
2.014000000000000000e+03 3.330002162175290392e-06
2.015000000000000000e+03 3.326400557023668049e-06
2.016000000000000000e+03 3.319244315837928876e-06
2.017000000000000000e+03 3.321406894119479394e-06
2.018000000000000000e+03 3.315391676826772272e-06
2.019000000000000000e+03 3.312198838115493835e-06
2.020000000000000000e+03 3.309036474188752780e-06
2.021000000000000000e+03 3.314357753778831061e-06
2.022000000000000000e+03 3.302628372882834434e-06
2.023000000000000000e+03 3.301484066323431139e-06
2.024000000000000000e+03 3.292247647865149868e-06
2.025000000000000000e+03 3.292494246994652910e-06
2.026000000000000000e+03 3.286458048467585555e-06
2.027000000000000000e+03 3.285219624601561467e-06
2.028000000000000000e+03 3.277410083027090655e-06
2.029000000000000000e+03 3.273608659229979241e-06
2.030000000000000000e+03 3.269240347850636125e-06
2.031000000000000000e+03 3.271548468209511049e-06
2.032000000000000000e+03 3.263420677907281874e-06
2.033000000000000000e+03 3.257946825282312796e-06
2.034000000000000000e+03 3.249529027875088716e-06
2.035000000000000000e+03 3.237020780662335383e-06
2.036000000000000000e+03 3.239314547032422294e-06
2.037000000000000000e+03 3.224748612098551398e-06
2.038000000000000000e+03 3.219524387282681469e-06
2.039000000000000000e+03 3.213716641042927999e-06
2.040000000000000000e+03 3.203170119597367674e-06
2.041000000000000000e+03 3.187195233463225085e-06
2.042000000000000000e+03 3.177199798741846017e-06
2.043000000000000000e+03 3.134296706272132962e-06
2.044000000000000000e+03 3.126202233650912820e-06
2.045000000000000000e+03 3.010553965204992354e-06
2.046000000000000000e+03 2.994690834000442884e-06
2.047000000000000000e+03 2.631046455444386885e-06
2.048000000000000000e+03 2.624173862200473276e-06
